CSVFormatID,IxLoad-1002
DoReports,1
App,IxLoad
AppVersion,8.01.99.14
RecordedOn,03/21/2017 21:29:56
AgentName,HTTP
AgentType,Server
AgentInstanceName,HTTPServer1
Community,Traffic2@Network2

Elapsed Time,Run State,Iteration Number,Curve Segment Number,HTTP Requests Received,HTTP Requests Successful,HTTP Requests Failed,HTTP Requests Failed (404),HTTP Requests Failed (50x),HTTP Requests Failed (Write Error),HTTP Requests Failed (Aborted),HTTP Sessions Rejected (503),HTTP Session Timeouts (408),HTTP Responses Sent (1xx),HTTP Responses Sent (2xx),HTTP Responses Sent (3xx),HTTP Responses Sent (4xx),HTTP Responses Sent (5xx),HTTP Responses Sent (Other),HTTP Bytes Received,HTTP Bytes Sent,HTTP Content Bytes Received,HTTP Content Bytes Sent,HTTP Cookies Received,HTTP Cookies Sent,HTTP Cookies Received With Matching ServerID,HTTP Cookies Received With Non-matching ServerID,HTTP Requests Received/s,HTTP Requests Successful/s,HTTP Requests Failed/s,HTTP Requests Failed (404)/s,HTTP Sessions Rejected (503)/s,HTTP Session Timeouts (408)/s,HTTP Throughput Received (Kbps),HTTP Throughput Transmitted (Kbps),HTTP Content Throughput Received (Kbps),HTTP Content Throughput Transmitted (Kbps),HTTP Cookies Received/s,HTTP Cookies Sent/s,HTTP Cookies Received With Matching ServerID/s,HTTP Cookies Received With Non-matching ServerID/s,HTTP Chunked Encoded Responses Sent,HTTP Total Chunks Sent,HTTP Total Chunks Sent/s,HTTP Chunked Transfer-Encoded Requests Received,HTTP Total Chunks Received,HTTP Total Chunks Received/s,HTTP Content-MD5 Requests Received,HTTP Content-MD5 Check Successful,HTTP Content-MD5 Check Failed,HTTP OPTIONS Request Received,HTTP OPTIONS Response Sent,HTTP2 DATA Frames Sent,HTTP2 HEADER Frames Sent,HTTP2 PRIORITY Frames Sent,HTTP2 RESETSTREAM Frames Sent,HTTP2 SETTINGS Frames Sent,HTTP2 PUSHPROMISE Frames Sent,HTTP2 PING Frames Sent,HTTP2 GOAWAY Frames Sent,HTTP2 WINDOWUPDATE Frames Sent,HTTP2 CONTINUATION Frames Sent,HTTP2 DATA Frames Received,HTTP2 HEADER Frames Received,HTTP2 PRIORITY Frames Received,HTTP2 RESETSTREAM Frames Received,HTTP2 SETTINGS Frames Received,HTTP2 PUSHPROMISE Frames Received,HTTP2 PING Frames Received,HTTP2 GOAWAY Frames Received,HTTP2 WINDOWUPDATE Frames Received,HTTP2 CONTINUATION Frames Received,HTTP2 Streams Initiated by Client,HTTP2 Streams Initiated by Server,HTTP2 Streams Succeeded Client to Server,HTTP2 Streams Succeeded Server to Client,HTTP2 Streams Failed Client to Server,HTTP2 Streams Failed Server to Client,HTTP2 Connection Upgrade Succeeded,HTTP2 Connection Upgrade Failed,HTTP2 Protocol Error,HTTP2 Internal Error,HTTP2 Flow Control Error,HTTP2 Settings Timeout Error,HTTP2 Stream Closed Error,HTTP2 Frame Size Error,HTTP2 Refused Stream Error,HTTP2 Stream Cancelled Error,HTTP2 Compression Error,HTTP2 Connect Error,HTTP2 Enhance Calm Error,HTTP2 Inadequate Security Error,HTTP2 HTTP1.1 Required Error,SSL Alerts Received,SSL Alerts Sent,SSL Alerts Received (close_notify),SSL Alerts Sent (close_notify),SSL Alerts Received (unexpected_message),SSL Alerts Sent (unexpected_message),SSL Alerts Received (bad_record_mac),SSL Alerts Sent (bad_record_mac),SSL Alerts Received (decryption_failed),SSL Alerts Sent (decryption_failed),SSL Alerts Received (record_overflow),SSL Alerts Sent (record_overflow),SSL Alerts Received (decompression_failure),SSL Alerts Sent (decompression_failure),SSL Alerts Received (handshake_failure),SSL Alerts Sent (handshake_failure),SSL Alerts Received (no_certificate),SSL Alerts Sent (no_certificate),SSL Alerts Received (bad_certificate),SSL Alerts Sent (bad_certificate),SSL Alerts Received (unsupported_certificate),SSL Alerts Sent (unsupported_certificate),SSL Alerts Received (certificate_revoked),SSL Alerts Sent (certificate_revoked),SSL Alerts Received (certificate_expired),SSL Alerts Sent (certificate_expired),SSL Alerts Received (certificate_unknown),SSL Alerts Sent (certificate_unknown),SSL Alerts Received (illegal_parameter),SSL Alerts Sent (illegal_parameter),SSL Alerts Received (unknown_ca),SSL Alerts Sent (unknown_ca),SSL Alerts Received (access_denied),SSL Alerts Sent (access_denied),SSL Alerts Received (decode_error),SSL Alerts Sent (decode_error),SSL Alerts Received (decrypt_error),SSL Alerts Sent (decrypt_error),SSL Alerts Received (export_restriction),SSL Alerts Sent (export_restriction),SSL Alerts Received (protocol_version),SSL Alerts Sent (protocol_version),SSL Alerts Received (insufficient_security),SSL Alerts Sent (insufficient_security),SSL Alerts Received (internal_error),SSL Alerts Sent (internal_error),SSL Alerts Received (user_canceled),SSL Alerts Sent (user_canceled),SSL Alerts Received (no_renegotiation),SSL Alerts Sent (no_renegotiation),SSL Errors Received (undefined error),SSL Errors Sent (undefined error),SSL Errors Received (no cipher),SSL Errors Sent (no cipher),SSL Errors Received (no certificate),SSL Errors Sent (no certificate),SSL Errors Received (bad certificate),SSL Errors Sent (bad certificate),SSL Errors Received (unsupported certificate),SSL Errors Sent (unsupported certificate),SSL Errors Received,SSL Errors Sent,Client Hello Sent,Client Hello Received,Server Hello Sent,Server Hello Received,Hello Requests Sent,Hello Requests Received,SSL Session Reuse Success,SSL Session Reuse Failed,SSL Concurrent Sessions,SSL Bytes Sent,SSL Bytes Received,SSL Throughput Bytes,SSL Application Data Bytes,SSL Certificate Validation Failure,SSL Certificate Self Signed,SSL Certificate CA Signed,SSL Alerts Received (unrecognized name),SSL SNI extension sent successfully,SSL SNI extension mismatch,SSL session ticket reuse success,SSL session ticket reuse failure,SSL Negotiation Finished Successfully,SSL Alerts Sent/s,SSL Alerts Received/s,SSL Alerts Received (close_notify)/s,SSL Alerts Sent (close_notify)/s,SSL Alerts Received (unexpected_message)/s,SSL Alerts Sent (unexpected_message)/s,SSL Alerts Received (bad_record_mac)/s,SSL Alerts Sent (bad_record_mac)/s,SSL Alerts Received (decryption_failed)/s,SSL Alerts Sent (decryption_failed)/s,SSL Alerts Received (record_overflow)/s,SSL Alerts Sent (record_overflow)/s,SSL Alerts Received (decompression_failure)/s,SSL Alerts Sent (decompression_failure)/s,SSL Alerts Received (handshake_failure)/s,SSL Alerts Sent (handshake_failure)/s,SSL Alerts Received (no_certificate)/s,SSL Alerts Sent (no_certificate)/s,SSL Alerts Received (bad_certificate)/s,SSL Alerts Sent (bad_certificate)/s,SSL Alerts Received (unsupported_certificate)/s,SSL Alerts Sent (unsupported_certificate)/s,SSL Alerts Received (certificate_revoked)/s,SSL Alerts Sent (certificate_revoked)/s,SSL Alerts Received (certificate_expired)/s,SSL Alerts Sent (certificate_expired)/s,SSL Alerts Received (certificate_unknown)/s,SSL Alerts Sent (certificate_unknown)/s,SSL Alerts Received (illegal_parameter)/s,SSL Alerts Sent (illegal_parameter)/s,SSL Alerts Received (unknown_ca)/s,SSL Alerts Sent (unknown_ca)/s,SSL Alerts Received (access_denied)/s,SSL Alerts Sent (access_denied)/s,SSL Alerts Received (decode_error)/s,SSL Alerts Sent (decode_error)/s,SSL Alerts Received (decrypt_error)/s,SSL Alerts Sent (decrypt_error)/s,SSL Alerts Received (export_restriction)/s,SSL Alerts Sent (export_restriction)/s,SSL Alerts Received (protocol_version)/s,SSL Alerts Sent (protocol_version)/s,SSL Alerts Received (insufficient_security)/s,SSL Alerts Sent (insufficient_security)/s,SSL Alerts Received (internal_error)/s,SSL Alerts Sent (internal_error)/s,SSL Alerts Received (user_canceled)/s,SSL Alerts Sent (user_canceled)/s,SSL Alerts Received (no_renegotiation)/s,SSL Alerts Sent (no_renegotiation)/s,SSL Errors Received (undefined error)/s,SSL Errors Sent (undefined error)/s,SSL Errors Received (no cipher)/s,SSL Errors Sent (no cipher)/s,SSL Errors Received (no certificate)/s,SSL Errors Sent (no certificate)/s,SSL Errors Received (bad certificate)/s,SSL Errors Sent (bad certificate)/s,SSL Errors Received (unsupported certificate)/s,SSL Errors Sent (unsupported certificate)/s,SSL Errors Received/s,SSL Errors Sent/s,Client Hello Sent/s,Client Hello Received/s,Server Hello Sent/s,Server Hello Received/s,Hello Requests Sent/s,Hello Requests Received/s,SSL Session Reuse Success/s,SSL Session Reuse Failed/s,SSL Application Data Bytes/s,SSL Tx Throughput (Kbps),SSL Rx Throughput (Kbps),SSL Throughput (Kbps),SSL Negotiation Finished Successfully/s,TCP SYN Sent/s,TCP SYN_SYN-ACK Received/s,TCP SYN Failed/s,TCP SYN-ACK Sent/s,TCP Connection Requests Failed/s,TCP Connections Established/s,TCP FIN Sent/s,TCP FIN Received/s,TCP FIN-ACK Sent/s,TCP FIN-ACK Received/s,TCP Resets Sent/s,TCP Resets Received/s,TCP Retries/s,TCP Timeouts/s,TCP SYN Sent,TCP SYN_SYN-ACK Received,TCP SYN Failed,TCP SYN-ACK Sent,TCP Connection Requests Failed,TCP Connections Established,TCP FIN Sent,TCP FIN Received,TCP FIN-ACK Sent,TCP FIN-ACK Received,TCP Resets Sent,TCP Resets Received,TCP Retries,TCP Timeouts,TCP Accept Queue Entries,TCP Listen Queue Drops,TCP Connections in ESTABLISHED State,TCP Connections in SYN-SENT State,TCP Connections in SYN-RECEIVED State,TCP Connections in FIN-WAIT-1 State,TCP Connections in FIN-WAIT-2 State,TCP Connections in TIME-WAIT State,TCP Connections in CLOSE STATE,TCP Connections in CLOSE-WAIT State,TCP Connections in LAST-ACK State,TCP Connections in LISTENING State,TCP Connections in CLOSING State,TCP Internally Aborted Connections
,,,Raw,Interpolated,Interpolated,Interpolated,Interpolated,Interpolated,Interpolated,Interpolated,Interpolated,Interpolated,Interpolated,Interpolated,Interpolated,Interpolated,Interpolated,Interpolated,Interpolated,Interpolated,Interpolated,Interpolated,Interpolated,Interpolated,Interpolated,Interpolated,Interpolated Rate,Interpolated Rate,Interpolated Rate,Interpolated Rate,Interpolated Rate,Interpolated Rate,Interpolated Rate,Interpolated Rate,Interpolated Rate,Interpolated Rate,Interpolated Rate,Interpolated Rate,Interpolated Rate,Interpolated Rate,Interpolated,Interpolated,Interpolated Rate,Interpolated,Interpolated,Interpolated Rate,Interpolated,Interpolated,Interpolated,Interpolated,Interpolated,Interpolated,Interpolated,Interpolated,Interpolated,Interpolated,Interpolated,Interpolated,Interpolated,Interpolated,Interpolated,Interpolated,Interpolated,Interpolated,Interpolated,Interpolated,Interpolated,Interpolated,Interpolated,Interpolated,Interpolated,Interpolated,Interpolated,Interpolated,Interpolated,Interpolated,Interpolated,Interpolated,Interpolated,Interpolated,Interpolated,Interpolated,Interpolated,Interpolated,Interpolated,Interpolated,Interpolated,Interpolated,Interpolated,Interpolated,Interpolated,Interpolated,Raw,Raw,Raw,Raw,Interpolated,Interpolated,Interpolated,Interpolated,Interpolated,Interpolated,Interpolated,Interpolated,Interpolated,Interpolated,Interpolated,Interpolated,Interpolated,Interpolated,Interpolated,Interpolated,Interpolated,Interpolated,Interpolated,Interpolated,Interpolated,Interpolated,Interpolated,Interpolated,Interpolated,Interpolated,Interpolated,Interpolated,Interpolated,Interpolated,Interpolated,Interpolated,Interpolated,Interpolated,Interpolated,Interpolated,Interpolated,Interpolated,Interpolated,Interpolated,Interpolated,Interpolated,Interpolated,Interpolated,Interpolated,Interpolated,Interpolated,Interpolated,Interpolated,Interpolated,Interpolated,Interpolated,Interpolated,Interpolated,Interpolated,Interpolated,Interpolated,Interpolated,Interpolated,Interpolated,Interpolated,Interpolated,Interpolated,Interpolated,Interpolated,Interpolated,Interpolated,Interpolated,Interpolated,Interpolated,Interpolated,Interpolated,Interpolated,Interpolated,Interpolated,Interpolated,Interpolated,Interpolated,Interpolated,Interpolated,Interpolated Rate,Interpolated Rate,Interpolated Rate,Interpolated Rate,Interpolated Rate,Interpolated Rate,Interpolated Rate,Interpolated Rate,Interpolated Rate,Interpolated Rate,Interpolated Rate,Interpolated Rate,Interpolated Rate,Interpolated Rate,Interpolated Rate,Interpolated Rate,Interpolated Rate,Interpolated Rate,Interpolated Rate,Interpolated Rate,Interpolated Rate,Interpolated Rate,Interpolated Rate,Interpolated Rate,Interpolated Rate,Interpolated Rate,Interpolated Rate,Interpolated Rate,Interpolated Rate,Interpolated Rate,Interpolated Rate,Interpolated Rate,Interpolated Rate,Interpolated Rate,Interpolated Rate,Interpolated Rate,Interpolated Rate,Interpolated Rate,Interpolated Rate,Interpolated Rate,Interpolated Rate,Interpolated Rate,Interpolated Rate,Interpolated Rate,Interpolated Rate,Interpolated Rate,Interpolated Rate,Interpolated Rate,Interpolated Rate,Interpolated Rate,Interpolated Rate,Interpolated Rate,Interpolated Rate,Interpolated Rate,Interpolated Rate,Interpolated Rate,Interpolated Rate,Interpolated Rate,Interpolated Rate,Interpolated Rate,Interpolated Rate,Interpolated Rate,Interpolated Rate,Interpolated Rate,Interpolated Rate,Interpolated Rate,Interpolated Rate,Interpolated Rate,Interpolated Rate,Interpolated Rate,Interpolated Rate,Interpolated Rate,Interpolated Rate,Interpolated Rate,Interpolated Rate,Interpolated Rate,Interpolated Rate,Interpolated Rate,Interpolated Rate,Interpolated Rate,Interpolated Rate,Interpolated Rate,Interpolated Rate,Interpolated Rate,Interpolated Rate,Interpolated Rate,Interpolated Rate,Interpolated Rate,Interpolated Rate,Interpolated,Interpolated,Interpolated,Interpolated,Interpolated,Interpolated,Interpolated,Interpolated,Interpolated,Interpolated,Interpolated,Interpolated,Interpolated,Interpolated,Interpolated,Interpolated,Raw,Raw,Raw,Raw,Raw,Raw,Raw,Raw,Raw,Raw,Raw,Interpolated
ET,RunState,IterNumber,:Curve Segment Number,:http requests received,:http requests succeeded,:http requests failed,:http requests failed (404),:http requests failed (50x),:http requests failed (write error),:http requests failed (aborted),:http sessions rejected (503),:http session timeout (408),:http requests succeeded 1xx,:http requests succeeded 2xx,:http requests succeeded 3xx,:http requests succeeded 4xx,:http requests succeeded 5xx,:http requests succeeded other,:tcp payload bytes received,:tcp payload bytes sent,:http payload bytes received,:http payload bytes sent,:http cookies received,:http cookies transmitted,:http ServerId cookies rx matching,:http ServerId cookies rx non-matching,:http requests received,:http requests succeeded,:http requests failed,:http requests failed (404),:http sessions rejected (503),:http session timeout (408),:tcp payload bytes received,:tcp payload bytes sent,:http payload bytes received,:http payload bytes sent,:http cookies received,:http cookies transmitted,:http ServerId cookies rx matching,:http ServerId cookies rx non-matching,:http chunk encoded responses sent,:http total chunks sent,:http total chunks sent,:http chunk encoded requests received,:http total chunks received,:http total chunks received,:http md5 requests received,:http md5 requests successful,:http md5 requests failed,:http options request received,:http options response sent,:http2 data frames sent,:http2 header frames sent,:http2 priority frames sent,:http2 reset stream frames sent,:http2 settings frames sent,:http2 push promise frames sent,:http2 ping frames sent,:http2 go away frames sent,:http2 window update frames sent,:http2 continuation frames sent,:http2 data frames received,:http2 header frames received,:http2 priority frames received,:http2 reset stream frames received,:http2 settings frames received,:http2 push promise frames received,:http2 ping frames received,:http2 go away frames received,:http2 window update frames received,:http2 continuation frames received,:http2 streams initiated by client,:http2 streams initiated by server,:http2 streams succeeded client to server,:http2 streams succeeded server to client,:http2 streams failed client to server,:http2 streams failed server to client,:http2 connection upgrade succeeded,:http2 connection upgrade failed,:http2 protocol error,:http2 internal error,:http2 flow control error,:http2 settings timeout error,:http2 stream closed error,:http2 frame size error,:http2 refused stream error,:http2 stream cancelled error,:http2 compression error,:http2 connect error,:http2 enhance calm error,:http2 inadequate security error,:http2 http1.1 required error,:SSL Alerts Received,:SSL Alerts Sent,:SSL Alerts Received (close_notify),:SSL Alerts Sent (close_notify),:SSL Alerts Received (unexpected_message),:SSL Alerts Sent (unexpected_message),:SSL Alerts Received (bad_record_mac),:SSL Alerts Sent (bad_record_mac),:SSL Alerts Received (decryption_failed),:SSL Alerts Sent (decryption_failed),:SSL Alerts Received (record_overflow),:SSL Alerts Sent (record_overflow),:SSL Alerts Received (decompression_failure),:SSL Alerts Sent (decompression_failure),:SSL Alerts Received (handshake_failure),:SSL Alerts Sent (handshake_failure),:SSL Alerts Received (no_certificate),:SSL Alerts Sent (no_certificate),:SSL Alerts Received (bad_certificate),:SSL Alerts Sent (bad_certificate),:SSL Alerts Received (unsupported_certificate),:SSL Alerts Sent (unsupported_certificate),:SSL Alerts Received (certificate_revoked),:SSL Alerts Sent (certificate_revoked),:SSL Alerts Received (certificate_expired),:SSL Alerts Sent (certificate_expired),:SSL Alerts Received (certificate_unknown),:SSL Alerts Sent (certificate_unknown),:SSL Alerts Received (illegal_parameter),:SSL Alerts Sent (illegal_parameter),:SSL Alerts Received (unknown_ca),:SSL Alerts Sent (unknown_ca),:SSL Alerts Received (access_denied),:SSL Alerts Sent (access_denied),:SSL Alerts Received (decode_error),:SSL Alerts Sent (decode_error),:SSL Alerts Received (decrypt_error),:SSL Alerts Sent (decrypt_error),:SSL Alerts Received (export_restriction),:SSL Alerts Sent (export_restriction),:SSL Alerts Received (protocol_version),:SSL Alerts Sent (protocol_version),:SSL Alerts Received (insufficient_security),:SSL Alerts Sent (insufficient_security),:SSL Alerts Received (internal_error),:SSL Alerts Sent (internal_error),:SSL Alerts Received (user_canceled),:SSL Alerts Sent (user_canceled),:SSL Alerts Received (no_renegotiation),:SSL Alerts Sent (no_renegotiation),:SSL Errors Received (undefined_error),:SSL Errors Sent (undefined_error),:SSL Errors Received (no_cipher),:SSL Errors Sent (no_cipher),:SSL Errors Received (no_certificate),:SSL Errors Sent (no_certificate),:SSL Errors Received (bad_certificate),:SSL Errors Sent (bad_certificate),:SSL Errors Received (unsupported_certificate),:SSL Errors Sent (unsupported_certificate),:SSL Errors Received,:SSL Errors Sent,:Client Hello Sent,:Client Hello Received,:Server Hello Sent,:Server Hello Received,:Server Hello Request Sent,:Server Hello Request Received,:SSL Session Reuse Success,:SSL Session Reuse Failed,:SSL Concurrent Sessions,:SSL Bytes Sent,:SSL Bytes Received,:SSL Throughput Bytes,:SSL Application Data Bytes,:SSL Certificate Validation Failure,:SSL Certificate Self Signed,:SSL Certificate CA Signed,:SSL Alerts Received (unrecognized_name),:SSL SNI extension sent successfully,:SSL SNI extension mismatch,:SSL session ticket reuse success,:SSL session ticket reuse failure,:SSL Negotiation Finished Successfuly,:SSL Alerts Sent,:SSL Alerts Received,:SSL Alerts Received (close_notify),:SSL Alerts Sent (close_notify),:SSL Alerts Received (unexpected_message),:SSL Alerts Sent (unexpected_message),:SSL Alerts Received (bad_record_mac),:SSL Alerts Sent (bad_record_mac),:SSL Alerts Received (decryption_failed),:SSL Alerts Sent (decryption_failed),:SSL Alerts Received (record_overflow),:SSL Alerts Sent (record_overflow),:SSL Alerts Received (decompression_failure),:SSL Alerts Sent (decompression_failure),:SSL Alerts Received (handshake_failure),:SSL Alerts Sent (handshake_failure),:SSL Alerts Received (no_certificate),:SSL Alerts Sent (no_certificate),:SSL Alerts Received (bad_certificate),:SSL Alerts Sent (bad_certificate),:SSL Alerts Received (unsupported_certificate),:SSL Alerts Sent (unsupported_certificate),:SSL Alerts Received (certificate_revoked),:SSL Alerts Sent (certificate_revoked),:SSL Alerts Received (certificate_expired),:SSL Alerts Sent (certificate_expired),:SSL Alerts Received (certificate_unknown),:SSL Alerts Sent (certificate_unknown),:SSL Alerts Received (illegal_parameter),:SSL Alerts Sent (illegal_parameter),:SSL Alerts Received (unknown_ca),:SSL Alerts Sent (unknown_ca),:SSL Alerts Received (access_denied),:SSL Alerts Sent (access_denied),:SSL Alerts Received (decode_error),:SSL Alerts Sent (decode_error),:SSL Alerts Received (decrypt_error),:SSL Alerts Sent (decrypt_error),:SSL Alerts Received (export_restriction),:SSL Alerts Sent (export_restriction),:SSL Alerts Received (protocol_version),:SSL Alerts Sent (protocol_version),:SSL Alerts Received (insufficient_security),:SSL Alerts Sent (insufficient_security),:SSL Alerts Received (internal_error),:SSL Alerts Sent (internal_error),:SSL Alerts Received (user_canceled),:SSL Alerts Sent (user_canceled),:SSL Alerts Received (no_renegotiation),:SSL Alerts Sent (no_renegotiation),:SSL Errors Received (undefined error),:SSL Errors Sent (undefined error),:SSL Errors Received (no_cipher),:SSL Errors Sent (no_cipher),:SSL Errors Received (no_certificate),:SSL Errors Sent (no_certificate),:SSL Errors Received (bad_certificate),:SSL Errors Sent (bad_certificate),:SSL Errors Received (unsupported_certificate),:SSL Errors Sent (unsupported_certificate),:SSL Errors Received,:SSL Errors Sent,:Client Hello Sent,:Client Hello Received,:Server Hello Sent,:Server Hello Received,:Server Hello Request Sent,:Server Hello Request Received,:SSL Session Reuse Success,:SSL Session Reuse Failed,:SSL Application Data Bytes,:SSL Bytes Sent,:SSL Bytes Received,:SSL Throughput Bytes,:SSL Negotiation Finished Successfuly,:SyncSent,:SyncRcvd,:SyncFailed,:SyncAckSent,:ConnRequestFailed,:ConnEstab,:FinSent,:FinRcvd,:FinAckSent,:FinAckRcvd,:ResetsSent,:ResetRcvd,:Retries,:Timeouts,:SyncSent,:SyncRcvd,:SyncFailed,:SyncAckSent,:ConnRequestFailed,:ConnEstab,:FinSent,:FinRcvd,:FinAckSent,:FinAckRcvd,:ResetsSent,:ResetRcvd,:Retries,:Timeouts,:connAcceptQueue,:ListenDrops,:EstabState,:SyncSentState,:SyncRcvdState,:FinWait-1State,:FinWait-2State,:TimeWaitState,:Close,:CloseWaitState,:LastAckState,:SocketsListenState,:ClosingState,:ConnAttemptFailed
0.0000,ID,0,0,0,0,0,0,0,0,0,0,0,0,0,0,0,0,0,0,0,0,0,0,0,0,0,0,0,0,0,0,0,0,0,0,0,0,0,0,0,0,0,0,0,0,0,0,0,0,0,0,0,0,0,0,0,0,0,0,0,0,0,0,0,0,0,0,0,0,0,0,0,0,0,0,0,0,0,0,0,0,0,0,0,0,0,0,0,0,0,0,0,0,0,0,0,0,0,0,0,0,0,0,0,0,0,0,0,0,0,0,0,0,0,0,0,0,0,0,0,0,0,0,0,0,0,0,0,0,0,0,0,0,0,0,0,0,0,0,0,0,0,0,0,0,0,0,0,0,0,0,0,0,0,0,0,0,0,0,0,0,0,0,0,0,0,0,0,0,0,0,0,0,0,0,0,0,0,0,0,0,0,0,0,0,0,0,0,0,0,0,0,0,0,0,0,0,0,0,0,0,0,0,0,0,0,0,0,0,0,0,0,0,0,0,0,0,0,0,0,0,0,0,0,0,0,0,0,0,0,0,0,0,0,0,0,0,0,0,0,0,0,0,0,0,0,0,0,0,0,0,0,0,0,0,0,0,0,0,0,0,0,0,0,0,0,0,0,0,0,0,0,0,0,0,0,0,0,0,0,0,0,0,0,0,0,0,0,0,0,0,0,0
2.0000,SU,1,0,0,0,0,0,0,0,0,0,0,0,0,0,0,0,0,0,0,0,0,0,0,0,0,0,0,0,0,0,0,0,0,0,0,0,0,0,0,0,0,0,0,0,0,0,0,0,0,0,0,0,0,0,0,0,0,0,0,0,0,0,0,0,0,0,0,0,0,0,0,0,0,0,0,0,0,0,0,0,0,0,0,0,0,0,0,0,0,0,0,0,0,0,0,0,0,0,0,0,0,0,0,0,0,0,0,0,0,0,0,0,0,0,0,0,0,0,0,0,0,0,0,0,0,0,0,0,0,0,0,0,0,0,0,0,0,0,0,0,0,0,0,0,0,0,0,0,0,0,0,0,0,0,0,0,0,0,0,0,0,0,0,0,0,0,0,0,0,0,0,0,0,0,0,0,0,0,0,0,0,0,0,0,0,0,0,0,0,0,0,0,0,0,0,0,0,0,0,0,0,0,0,0,0,0,0,0,0,0,0,0,0,0,0,0,0,0,0,0,0,0,0,0,0,0,0,0,0,0,0,0,0,0,0,0,0,0,0,0,0,0,0,0,0,0,0,0,0,0,0,0,0,0,0,0,0,0,0,0,0,0,0,0,0,0,0,0,0,0,0,0,0,0,0,0,0,0,0,0,0,0,0,0,0,0,0,0,0,0,0,0
4.0000,SU,1,0,33,33,0,0,0,0,0,0,0,0,33,0,0,0,0,6493,6227,0,33,0,0,0,0,17,17,0,0,0,0,25,24,0,0,0,0,0,0,0,0,0,0,0,0,0,0,0,0,0,0,0,0,0,0,0,0,0,0,0,0,0,0,0,0,0,0,0,0,0,0,0,0,0,0,0,0,0,0,0,0,0,0,0,0,0,0,0,0,0,0,0,0,0,0,0,0,0,0,0,0,0,0,0,0,0,0,0,0,0,0,0,0,0,0,0,0,0,0,0,0,0,0,0,0,0,0,0,0,0,0,0,0,0,0,0,0,0,0,0,0,0,0,0,0,0,0,0,0,0,0,0,0,0,0,0,0,0,0,0,0,0,0,0,0,0,0,0,0,0,0,0,0,0,0,0,0,0,0,0,0,0,0,0,0,0,0,0,0,0,0,0,0,0,0,0,0,0,0,0,0,0,0,0,0,0,0,0,0,0,0,0,0,0,0,0,0,0,0,0,0,0,0,0,0,0,0,0,0,0,0,0,0,0,0,0,0,0,0,0,0,0,0,0,0,0,0,0,0,0,0,12,0,12,0,12,12,11,11,11,0,0,0,0,0,23,0,23,0,23,23,21,21,21,0,0,0,0,0,0,0,0,0,0,0,0,0,0,0,0,0,0
6.0000,SU,1,0,136,135,0,0,0,0,0,0,0,0,135,0,0,0,0,26478,25233,0,135,0,0,0,0,52,51,0,0,0,0,79,76,0,0,0,0,0,0,0,0,0,0,0,0,0,0,0,0,0,0,0,0,0,0,0,0,0,0,0,0,0,0,0,0,0,0,0,0,0,0,0,0,0,0,0,0,0,0,0,0,0,0,0,0,0,0,0,0,0,0,0,0,0,0,0,0,0,0,0,0,0,0,0,0,0,0,0,0,0,0,0,0,0,0,0,0,0,0,0,0,0,0,0,0,0,0,0,0,0,0,0,0,0,0,0,0,0,0,0,0,0,0,0,0,0,0,0,0,0,0,0,0,0,0,0,0,0,0,0,0,0,0,0,0,0,0,0,0,0,0,0,0,0,0,0,0,0,0,0,0,0,0,0,0,0,0,0,0,0,0,0,0,0,0,0,0,0,0,0,0,0,0,0,0,0,0,0,0,0,0,0,0,0,0,0,0,0,0,0,0,0,0,0,0,0,0,0,0,0,0,0,0,0,0,0,0,0,0,0,0,0,0,0,0,0,0,0,0,0,0,65,0,65,0,64,64,59,59,60,0,0,0,0,0,152,0,152,0,150,150,139,139,140,0,0,0,0,2,0,0,0,0,10,0,0,0,0,0,0,0,0
8.0000,SU,1,0,298,297,0,0,0,0,0,0,0,0,297,0,0,0,0,58138,55566,0,297,0,0,0,0,81,81,0,0,0,0,126,121,0,0,0,0,0,0,0,0,0,0,0,0,0,0,0,0,0,0,0,0,0,0,0,0,0,0,0,0,0,0,0,0,0,0,0,0,0,0,0,0,0,0,0,0,0,0,0,0,0,0,0,0,0,0,0,0,0,0,0,0,0,0,0,0,0,0,0,0,0,0,0,0,0,0,0,0,0,0,0,0,0,0,0,0,0,0,0,0,0,0,0,0,0,0,0,0,0,0,0,0,0,0,0,0,0,0,0,0,0,0,0,0,0,0,0,0,0,0,0,0,0,0,0,0,0,0,0,0,0,0,0,0,0,0,0,0,0,0,0,0,0,0,0,0,0,0,0,0,0,0,0,0,0,0,0,0,0,0,0,0,0,0,0,0,0,0,0,0,0,0,0,0,0,0,0,0,0,0,0,0,0,0,0,0,0,0,0,0,0,0,0,0,0,0,0,0,0,0,0,0,0,0,0,0,0,0,0,0,0,0,0,0,0,0,0,0,0,0,72,0,72,0,69,69,69,69,69,0,0,0,0,0,296,0,296,0,288,288,276,276,277,0,0,0,0,8,0,0,0,0,11,1,0,0,0,0,0,0,0
10.0000,SU,1,0,472,472,0,0,0,0,0,0,0,0,472,0,0,0,0,92105,88281,0,472,0,0,0,0,87,88,0,0,0,0,135,130,0,0,0,0,0,0,0,0,0,0,0,0,0,0,0,0,0,0,0,0,0,0,0,0,0,0,0,0,0,0,0,0,0,0,0,0,0,0,0,0,0,0,0,0,0,0,0,0,0,0,0,0,0,0,0,0,0,0,0,0,0,0,0,0,0,0,0,0,0,0,0,0,0,0,0,0,0,0,0,0,0,0,0,0,0,0,0,0,0,0,0,0,0,0,0,0,0,0,0,0,0,0,0,0,0,0,0,0,0,0,0,0,0,0,0,0,0,0,0,0,0,0,0,0,0,0,0,0,0,0,0,0,0,0,0,0,0,0,0,0,0,0,0,0,0,0,0,0,0,0,0,0,0,0,0,0,0,0,0,0,0,0,0,0,0,0,0,0,0,0,0,0,0,0,0,0,0,0,0,0,0,0,0,0,0,0,0,0,0,0,0,0,0,0,0,0,0,0,0,0,0,0,0,0,0,0,0,0,0,0,0,0,0,0,0,0,0,0,90,0,90,0,87,84,86,86,86,0,0,0,0,0,475,0,475,0,462,456,447,447,448,0,0,0,0,18,0,0,0,0,10,0,0,0,0,0,0,0,0
12.0000,SU,1,0,659,659,0,0,0,0,0,0,0,0,659,0,0,0,0,128487,123216,0,659,0,0,0,0,94,94,0,0,0,0,145,139,0,0,0,0,0,0,0,0,0,0,0,0,0,0,0,0,0,0,0,0,0,0,0,0,0,0,0,0,0,0,0,0,0,0,0,0,0,0,0,0,0,0,0,0,0,0,0,0,0,0,0,0,0,0,0,0,0,0,0,0,0,0,0,0,0,0,0,0,0,0,0,0,0,0,0,0,0,0,0,0,0,0,0,0,0,0,0,0,0,0,0,0,0,0,0,0,0,0,0,0,0,0,0,0,0,0,0,0,0,0,0,0,0,0,0,0,0,0,0,0,0,0,0,0,0,0,0,0,0,0,0,0,0,0,0,0,0,0,0,0,0,0,0,0,0,0,0,0,0,0,0,0,0,0,0,0,0,0,0,0,0,0,0,0,0,0,0,0,0,0,0,0,0,0,0,0,0,0,0,0,0,0,0,0,0,0,0,0,0,0,0,0,0,0,0,0,0,0,0,0,0,0,0,0,0,0,0,0,0,0,0,0,0,0,0,0,0,0,104,0,104,0,105,91,95,95,95,0,0,0,0,0,683,0,683,0,671,637,636,636,637,0,0,0,0,44,0,35,0,0,0,0,0,0,0,0,0,0,0
14.0000,SU,1,0,763,763,0,0,0,0,0,0,0,0,763,0,0,0,0,148706,142605,0,763,0,0,0,0,52,52,0,0,0,0,80,77,0,0,0,0,0,0,0,0,0,0,0,0,0,0,0,0,0,0,0,0,0,0,0,0,0,0,0,0,0,0,0,0,0,0,0,0,0,0,0,0,0,0,0,0,0,0,0,0,0,0,0,0,0,0,0,0,0,0,0,0,0,0,0,0,0,0,0,0,0,0,0,0,0,0,0,0,0,0,0,0,0,0,0,0,0,0,0,0,0,0,0,0,0,0,0,0,0,0,0,0,0,0,0,0,0,0,0,0,0,0,0,0,0,0,0,0,0,0,0,0,0,0,0,0,0,0,0,0,0,0,0,0,0,0,0,0,0,0,0,0,0,0,0,0,0,0,0,0,0,0,0,0,0,0,0,0,0,0,0,0,0,0,0,0,0,0,0,0,0,0,0,0,0,0,0,0,0,0,0,0,0,0,0,0,0,0,0,0,0,0,0,0,0,0,0,0,0,0,0,0,0,0,0,0,0,0,0,0,0,0,0,0,0,0,0,0,0,0,69,0,69,0,71,73,69,69,73,0,0,0,0,0,820,0,820,0,813,782,773,773,782,0,0,0,0,36,0,29,0,0,1,0,0,0,0,0,0,0,0
16.0000,SU,1,0,880,880,0,0,0,0,0,0,0,0,880,0,0,0,0,171669,164627,0,880,0,0,0,0,59,59,0,0,0,0,91,88,0,0,0,0,0,0,0,0,0,0,0,0,0,0,0,0,0,0,0,0,0,0,0,0,0,0,0,0,0,0,0,0,0,0,0,0,0,0,0,0,0,0,0,0,0,0,0,0,0,0,0,0,0,0,0,0,0,0,0,0,0,0,0,0,0,0,0,0,0,0,0,0,0,0,0,0,0,0,0,0,0,0,0,0,0,0,0,0,0,0,0,0,0,0,0,0,0,0,0,0,0,0,0,0,0,0,0,0,0,0,0,0,0,0,0,0,0,0,0,0,0,0,0,0,0,0,0,0,0,0,0,0,0,0,0,0,0,0,0,0,0,0,0,0,0,0,0,0,0,0,0,0,0,0,0,0,0,0,0,0,0,0,0,0,0,0,0,0,0,0,0,0,0,0,0,0,0,0,0,0,0,0,0,0,0,0,0,0,0,0,0,0,0,0,0,0,0,0,0,0,0,0,0,0,0,0,0,0,0,0,0,0,0,0,0,0,0,0,54,0,54,0,47,46,49,49,46,0,0,0,0,0,928,0,928,0,906,874,871,870,873,0,0,0,0,52,0,32,0,0,1,0,0,0,0,0,0,0,0
18.0000,SU,1,0,1021,1021,0,0,0,0,0,0,0,0,1021,0,0,0,0,199174,191003,0,1021,0,0,0,0,71,71,0,0,0,0,110,105,0,0,0,0,0,0,0,0,0,0,0,0,0,0,0,0,0,0,0,0,0,0,0,0,0,0,0,0,0,0,0,0,0,0,0,0,0,0,0,0,0,0,0,0,0,0,0,0,0,0,0,0,0,0,0,0,0,0,0,0,0,0,0,0,0,0,0,0,0,0,0,0,0,0,0,0,0,0,0,0,0,0,0,0,0,0,0,0,0,0,0,0,0,0,0,0,0,0,0,0,0,0,0,0,0,0,0,0,0,0,0,0,0,0,0,0,0,0,0,0,0,0,0,0,0,0,0,0,0,0,0,0,0,0,0,0,0,0,0,0,0,0,0,0,0,0,0,0,0,0,0,0,0,0,0,0,0,0,0,0,0,0,0,0,0,0,0,0,0,0,0,0,0,0,0,0,0,0,0,0,0,0,0,0,0,0,0,0,0,0,0,0,0,0,0,0,0,0,0,0,0,0,0,0,0,0,0,0,0,0,0,0,0,0,0,0,0,0,86,0,86,0,66,81,78,79,78,0,0,0,0,0,1100,0,1100,0,1038,1036,1027,1027,1028,0,0,0,0,63,0,3,0,0,2,0,0,0,0,0,0,0,0
20.0000,SU,1,0,1163,1163,0,0,0,0,0,0,0,0,1163,0,0,0,0,226862,217555,0,1163,0,0,0,0,71,71,0,0,0,0,110,106,0,0,0,0,0,0,0,0,0,0,0,0,0,0,0,0,0,0,0,0,0,0,0,0,0,0,0,0,0,0,0,0,0,0,0,0,0,0,0,0,0,0,0,0,0,0,0,0,0,0,0,0,0,0,0,0,0,0,0,0,0,0,0,0,0,0,0,0,0,0,0,0,0,0,0,0,0,0,0,0,0,0,0,0,0,0,0,0,0,0,0,0,0,0,0,0,0,0,0,0,0,0,0,0,0,0,0,0,0,0,0,0,0,0,0,0,0,0,0,0,0,0,0,0,0,0,0,0,0,0,0,0,0,0,0,0,0,0,0,0,0,0,0,0,0,0,0,0,0,0,0,0,0,0,0,0,0,0,0,0,0,0,0,0,0,0,0,0,0,0,0,0,0,0,0,0,0,0,0,0,0,0,0,0,0,0,0,0,0,0,0,0,0,0,0,0,0,0,0,0,0,0,0,0,0,0,0,0,0,0,0,0,0,0,0,0,0,0,67,0,67,0,78,79,64,64,68,0,0,0,0,0,1233,0,1233,0,1194,1194,1155,1155,1163,0,0,0,0,39,0,0,0,0,36,0,0,0,0,0,0,0,0
22.0000,SU,1,0,1324,1324,0,0,0,0,0,0,0,0,1324,0,0,0,0,258083,247495,0,1324,0,0,0,0,81,81,0,0,0,0,124,119,0,0,0,0,0,0,0,0,0,0,0,0,0,0,0,0,0,0,0,0,0,0,0,0,0,0,0,0,0,0,0,0,0,0,0,0,0,0,0,0,0,0,0,0,0,0,0,0,0,0,0,0,0,0,0,0,0,0,0,0,0,0,0,0,0,0,0,0,0,0,0,0,0,0,0,0,0,0,0,0,0,0,0,0,0,0,0,0,0,0,0,0,0,0,0,0,0,0,0,0,0,0,0,0,0,0,0,0,0,0,0,0,0,0,0,0,0,0,0,0,0,0,0,0,0,0,0,0,0,0,0,0,0,0,0,0,0,0,0,0,0,0,0,0,0,0,0,0,0,0,0,0,0,0,0,0,0,0,0,0,0,0,0,0,0,0,0,0,0,0,0,0,0,0,0,0,0,0,0,0,0,0,0,0,0,0,0,0,0,0,0,0,0,0,0,0,0,0,0,0,0,0,0,0,0,0,0,0,0,0,0,0,0,0,0,0,0,0,69,0,69,0,68,68,72,72,78,0,0,0,0,0,1371,0,1371,0,1330,1329,1299,1299,1319,0,0,0,0,42,0,0,0,0,5,0,0,0,0,0,0,0,0
24.0000,SU,1,0,1404,1404,0,0,0,0,0,0,0,0,1404,0,0,0,0,273684,262456,0,1404,0,0,0,0,40,40,0,0,0,0,62,59,0,0,0,0,0,0,0,0,0,0,0,0,0,0,0,0,0,0,0,0,0,0,0,0,0,0,0,0,0,0,0,0,0,0,0,0,0,0,0,0,0,0,0,0,0,0,0,0,0,0,0,0,0,0,0,0,0,0,0,0,0,0,0,0,0,0,0,0,0,0,0,0,0,0,0,0,0,0,0,0,0,0,0,0,0,0,0,0,0,0,0,0,0,0,0,0,0,0,0,0,0,0,0,0,0,0,0,0,0,0,0,0,0,0,0,0,0,0,0,0,0,0,0,0,0,0,0,0,0,0,0,0,0,0,0,0,0,0,0,0,0,0,0,0,0,0,0,0,0,0,0,0,0,0,0,0,0,0,0,0,0,0,0,0,0,0,0,0,0,0,0,0,0,0,0,0,0,0,0,0,0,0,0,0,0,0,0,0,0,0,0,0,0,0,0,0,0,0,0,0,0,0,0,0,0,0,0,0,0,0,0,0,0,0,0,0,0,0,46,0,46,0,52,52,44,44,43,0,0,0,0,0,1462,0,1462,0,1434,1433,1386,1386,1405,0,0,0,0,29,0,1,0,0,34,0,0,0,0,0,0,0,0
26.0000,SU,1,0,1499,1499,0,0,0,0,0,0,0,0,1499,0,0,0,0,292278,280287,0,1499,0,0,0,0,48,48,0,0,0,0,74,71,0,0,0,0,0,0,0,0,0,0,0,0,0,0,0,0,0,0,0,0,0,0,0,0,0,0,0,0,0,0,0,0,0,0,0,0,0,0,0,0,0,0,0,0,0,0,0,0,0,0,0,0,0,0,0,0,0,0,0,0,0,0,0,0,0,0,0,0,0,0,0,0,0,0,0,0,0,0,0,0,0,0,0,0,0,0,0,0,0,0,0,0,0,0,0,0,0,0,0,0,0,0,0,0,0,0,0,0,0,0,0,0,0,0,0,0,0,0,0,0,0,0,0,0,0,0,0,0,0,0,0,0,0,0,0,0,0,0,0,0,0,0,0,0,0,0,0,0,0,0,0,0,0,0,0,0,0,0,0,0,0,0,0,0,0,0,0,0,0,0,0,0,0,0,0,0,0,0,0,0,0,0,0,0,0,0,0,0,0,0,0,0,0,0,0,0,0,0,0,0,0,0,0,0,0,0,0,0,0,0,0,0,0,0,0,0,0,0,59,0,59,0,55,54,45,45,63,0,0,0,0,0,1579,0,1579,0,1544,1541,1475,1475,1530,0,0,0,0,37,0,0,0,0,0,0,0,0,0,0,0,0,0
28.0000,SU,1,0,1607,1607,0,0,0,0,0,0,0,0,1607,0,0,0,0,313282,300418,0,1607,0,0,0,0,54,54,0,0,0,0,84,80,0,0,0,0,0,0,0,0,0,0,0,0,0,0,0,0,0,0,0,0,0,0,0,0,0,0,0,0,0,0,0,0,0,0,0,0,0,0,0,0,0,0,0,0,0,0,0,0,0,0,0,0,0,0,0,0,0,0,0,0,0,0,0,0,0,0,0,0,0,0,0,0,0,0,0,0,0,0,0,0,0,0,0,0,0,0,0,0,0,0,0,0,0,0,0,0,0,0,0,0,0,0,0,0,0,0,0,0,0,0,0,0,0,0,0,0,0,0,0,0,0,0,0,0,0,0,0,0,0,0,0,0,0,0,0,0,0,0,0,0,0,0,0,0,0,0,0,0,0,0,0,0,0,0,0,0,0,0,0,0,0,0,0,0,0,0,0,0,0,0,0,0,0,0,0,0,0,0,0,0,0,0,0,0,0,0,0,0,0,0,0,0,0,0,0,0,0,0,0,0,0,0,0,0,0,0,0,0,0,0,0,0,0,0,0,0,0,0,67,0,67,0,67,60,58,57,31,0,0,0,0,0,1712,0,1712,0,1678,1660,1590,1589,1591,0,0,0,0,48,0,17,0,0,73,0,0,0,0,0,0,0,0
30.0000,SU,1,0,1743,1742,0,0,0,0,0,0,0,0,1742,0,0,0,0,339832,325747,0,1742,0,0,0,0,68,68,0,0,0,0,106,101,0,0,0,0,0,0,0,0,0,0,0,0,0,0,0,0,0,0,0,0,0,0,0,0,0,0,0,0,0,0,0,0,0,0,0,0,0,0,0,0,0,0,0,0,0,0,0,0,0,0,0,0,0,0,0,0,0,0,0,0,0,0,0,0,0,0,0,0,0,0,0,0,0,0,0,0,0,0,0,0,0,0,0,0,0,0,0,0,0,0,0,0,0,0,0,0,0,0,0,0,0,0,0,0,0,0,0,0,0,0,0,0,0,0,0,0,0,0,0,0,0,0,0,0,0,0,0,0,0,0,0,0,0,0,0,0,0,0,0,0,0,0,0,0,0,0,0,0,0,0,0,0,0,0,0,0,0,0,0,0,0,0,0,0,0,0,0,0,0,0,0,0,0,0,0,0,0,0,0,0,0,0,0,0,0,0,0,0,0,0,0,0,0,0,0,0,0,0,0,0,0,0,0,0,0,0,0,0,0,0,0,0,0,0,0,0,0,0,77,0,77,0,44,53,78,78,86,0,0,0,0,0,1866,0,1866,0,1765,1765,1745,1745,1763,0,0,0,0,101,0,0,0,0,3,0,0,0,0,0,0,0,0
32.0000,SU,1,0,1897,1896,0,0,0,0,0,0,0,0,1896,0,0,0,0,369969,354604,0,1896,0,0,0,0,77,77,0,0,0,0,120,115,0,0,0,0,0,0,0,0,0,0,0,0,0,0,0,0,0,0,0,0,0,0,0,0,0,0,0,0,0,0,0,0,0,0,0,0,0,0,0,0,0,0,0,0,0,0,0,0,0,0,0,0,0,0,0,0,0,0,0,0,0,0,0,0,0,0,0,0,0,0,0,0,0,0,0,0,0,0,0,0,0,0,0,0,0,0,0,0,0,0,0,0,0,0,0,0,0,0,0,0,0,0,0,0,0,0,0,0,0,0,0,0,0,0,0,0,0,0,0,0,0,0,0,0,0,0,0,0,0,0,0,0,0,0,0,0,0,0,0,0,0,0,0,0,0,0,0,0,0,0,0,0,0,0,0,0,0,0,0,0,0,0,0,0,0,0,0,0,0,0,0,0,0,0,0,0,0,0,0,0,0,0,0,0,0,0,0,0,0,0,0,0,0,0,0,0,0,0,0,0,0,0,0,0,0,0,0,0,0,0,0,0,0,0,0,0,0,0,57,0,57,0,74,70,69,69,70,0,0,0,0,0,1980,0,1980,0,1913,1904,1882,1882,1902,0,0,0,0,75,0,0,0,0,0,0,0,0,0,0,0,0,0
34.0000,SU,1,0,1989,1988,0,0,0,0,0,0,0,0,1988,0,0,0,0,387862,371824,0,1988,0,0,0,0,46,46,0,0,0,0,71,68,0,0,0,0,0,0,0,0,0,0,0,0,0,0,0,0,0,0,0,0,0,0,0,0,0,0,0,0,0,0,0,0,0,0,0,0,0,0,0,0,0,0,0,0,0,0,0,0,0,0,0,0,0,0,0,0,0,0,0,0,0,0,0,0,0,0,0,0,0,0,0,0,0,0,0,0,0,0,0,0,0,0,0,0,0,0,0,0,0,0,0,0,0,0,0,0,0,0,0,0,0,0,0,0,0,0,0,0,0,0,0,0,0,0,0,0,0,0,0,0,0,0,0,0,0,0,0,0,0,0,0,0,0,0,0,0,0,0,0,0,0,0,0,0,0,0,0,0,0,0,0,0,0,0,0,0,0,0,0,0,0,0,0,0,0,0,0,0,0,0,0,0,0,0,0,0,0,0,0,0,0,0,0,0,0,0,0,0,0,0,0,0,0,0,0,0,0,0,0,0,0,0,0,0,0,0,0,0,0,0,0,0,0,0,0,0,0,0,77,0,77,0,82,58,56,56,50,0,0,0,0,0,2133,0,2133,0,2076,2019,1994,1994,2002,0,0,0,0,113,0,0,0,0,0,0,0,0,0,0,0,0,0
36.0000,SU,1,0,2051,2051,0,0,0,0,0,0,0,0,2051,0,0,0,0,399982,383533,0,2051,0,0,0,0,31,32,0,0,0,0,48,46,0,0,0,0,0,0,0,0,0,0,0,0,0,0,0,0,0,0,0,0,0,0,0,0,0,0,0,0,0,0,0,0,0,0,0,0,0,0,0,0,0,0,0,0,0,0,0,0,0,0,0,0,0,0,0,0,0,0,0,0,0,0,0,0,0,0,0,0,0,0,0,0,0,0,0,0,0,0,0,0,0,0,0,0,0,0,0,0,0,0,0,0,0,0,0,0,0,0,0,0,0,0,0,0,0,0,0,0,0,0,0,0,0,0,0,0,0,0,0,0,0,0,0,0,0,0,0,0,0,0,0,0,0,0,0,0,0,0,0,0,0,0,0,0,0,0,0,0,0,0,0,0,0,0,0,0,0,0,0,0,0,0,0,0,0,0,0,0,0,0,0,0,0,0,0,0,0,0,0,0,0,0,0,0,0,0,0,0,0,0,0,0,0,0,0,0,0,0,0,0,0,0,0,0,0,0,0,0,0,0,0,0,0,0,0,0,0,0,82,0,82,0,82,77,64,64,61,0,0,0,0,0,2297,0,2297,0,2239,2172,2122,2122,2124,0,0,0,0,123,0,145,0,0,11,0,0,0,0,2,0,0,0
38.0000,SU,1,0,2320,2320,0,0,0,0,0,0,0,0,2320,0,0,0,0,452304,433748,0,2320,0,0,0,0,135,135,0,0,0,0,209,200,0,1,0,0,0,0,0,0,0,0,0,0,0,0,0,0,0,0,0,0,0,0,0,0,0,0,0,0,0,0,0,0,0,0,0,0,0,0,0,0,0,0,0,0,0,0,0,0,0,0,0,0,0,0,0,0,0,0,0,0,0,0,0,0,0,0,0,0,0,0,0,0,0,0,0,0,0,0,0,0,0,0,0,0,0,0,0,0,0,0,0,0,0,0,0,0,0,0,0,0,0,0,0,0,0,0,0,0,0,0,0,0,0,0,0,0,0,0,0,0,0,0,0,0,0,0,0,0,0,0,0,0,0,0,0,0,0,0,0,0,0,0,0,0,0,0,0,0,0,0,0,0,0,0,0,0,0,0,0,0,0,0,0,0,0,0,0,0,0,0,0,0,0,0,0,0,0,0,0,0,0,0,0,0,0,0,0,0,0,0,0,0,0,0,0,0,0,0,0,0,0,0,0,0,0,0,0,0,0,0,0,0,0,0,0,0,0,0,98,0,98,0,95,128,130,130,152,0,0,0,0,0,2493,0,2493,0,2429,2427,2382,2382,2427,0,0,0,0,64,0,0,0,0,0,0,0,0,0,0,0,0,0
40.0000,SU,1,0,2543,2542,0,0,0,0,0,0,0,0,2542,0,0,0,0,495848,475349,0,2542,0,0,0,0,112,111,0,0,0,0,174,166,0,0,0,0,0,0,0,0,0,0,0,0,0,0,0,0,0,0,0,0,0,0,0,0,0,0,0,0,0,0,0,0,0,0,0,0,0,0,0,0,0,0,0,0,0,0,0,0,0,0,0,0,0,0,0,0,0,0,0,0,0,0,0,0,0,0,0,0,0,0,0,0,0,0,0,0,0,0,0,0,0,0,0,0,0,0,0,0,0,0,0,0,0,0,0,0,0,0,0,0,0,0,0,0,0,0,0,0,0,0,0,0,0,0,0,0,0,0,0,0,0,0,0,0,0,0,0,0,0,0,0,0,0,0,0,0,0,0,0,0,0,0,0,0,0,0,0,0,0,0,0,0,0,0,0,0,0,0,0,0,0,0,0,0,0,0,0,0,0,0,0,0,0,0,0,0,0,0,0,0,0,0,0,0,0,0,0,0,0,0,0,0,0,0,0,0,0,0,0,0,0,0,0,0,0,0,0,0,0,0,0,0,0,0,0,0,0,0,95,0,95,0,79,76,66,66,73,0,0,0,0,0,2683,0,2683,0,2586,2579,2514,2514,2572,0,0,0,0,102,0,9,0,0,0,0,0,0,0,0,0,0,0
42.0000,SU,1,0,2697,2696,0,0,0,0,0,0,0,0,2696,0,0,0,0,525889,504243,0,2696,0,0,0,0,77,77,0,0,0,0,120,115,0,0,0,0,0,0,0,0,0,0,0,0,0,0,0,0,0,0,0,0,0,0,0,0,0,0,0,0,0,0,0,0,0,0,0,0,0,0,0,0,0,0,0,0,0,0,0,0,0,0,0,0,0,0,0,0,0,0,0,0,0,0,0,0,0,0,0,0,0,0,0,0,0,0,0,0,0,0,0,0,0,0,0,0,0,0,0,0,0,0,0,0,0,0,0,0,0,0,0,0,0,0,0,0,0,0,0,0,0,0,0,0,0,0,0,0,0,0,0,0,0,0,0,0,0,0,0,0,0,0,0,0,0,0,0,0,0,0,0,0,0,0,0,0,0,0,0,0,0,0,0,0,0,0,0,0,0,0,0,0,0,0,0,0,0,0,0,0,0,0,0,0,0,0,0,0,0,0,0,0,0,0,0,0,0,0,0,0,0,0,0,0,0,0,0,0,0,0,0,0,0,0,0,0,0,0,0,0,0,0,0,0,0,0,0,0,0,0,102,0,102,0,90,90,105,105,78,0,0,0,0,0,2887,0,2887,0,2766,2758,2723,2723,2727,0,0,0,0,128,0,0,0,0,35,0,0,0,0,1,0,0,0
44.0000,SU,1,0,2926,2926,0,0,0,0,0,0,0,0,2926,0,0,0,0,570546,547139,0,2926,0,0,0,0,115,115,0,0,0,0,178,171,0,0,0,0,0,0,0,0,0,0,0,0,0,0,0,0,0,0,0,0,0,0,0,0,0,0,0,0,0,0,0,0,0,0,0,0,0,0,0,0,0,0,0,0,0,0,0,0,0,0,0,0,0,0,0,0,0,0,0,0,0,0,0,0,0,0,0,0,0,0,0,0,0,0,0,0,0,0,0,0,0,0,0,0,0,0,0,0,0,0,0,0,0,0,0,0,0,0,0,0,0,0,0,0,0,0,0,0,0,0,0,0,0,0,0,0,0,0,0,0,0,0,0,0,0,0,0,0,0,0,0,0,0,0,0,0,0,0,0,0,0,0,0,0,0,0,0,0,0,0,0,0,0,0,0,0,0,0,0,0,0,0,0,0,0,0,0,0,0,0,0,0,0,0,0,0,0,0,0,0,0,0,0,0,0,0,0,0,0,0,0,0,0,0,0,0,0,0,0,0,0,0,0,0,0,0,0,0,0,0,0,0,0,0,0,0,0,0,132,0,132,0,153,126,124,124,141,0,0,0,0,0,3151,0,3151,0,3072,3009,2971,2971,3008,0,0,0,0,139,0,58,0,0,2,0,0,0,0,0,0,0,0
46.0000,SU,1,0,3240,3240,0,0,0,0,0,0,0,0,3240,0,0,0,0,631777,605858,0,3240,0,0,0,0,157,157,0,0,0,0,244,234,0,1,0,0,0,0,0,0,0,0,0,0,0,0,0,0,0,0,0,0,0,0,0,0,0,0,0,0,0,0,0,0,0,0,0,0,0,0,0,0,0,0,0,0,0,0,0,0,0,0,0,0,0,0,0,0,0,0,0,0,0,0,0,0,0,0,0,0,0,0,0,0,0,0,0,0,0,0,0,0,0,0,0,0,0,0,0,0,0,0,0,0,0,0,0,0,0,0,0,0,0,0,0,0,0,0,0,0,0,0,0,0,0,0,0,0,0,0,0,0,0,0,0,0,0,0,0,0,0,0,0,0,0,0,0,0,0,0,0,0,0,0,0,0,0,0,0,0,0,0,0,0,0,0,0,0,0,0,0,0,0,0,0,0,0,0,0,0,0,0,0,0,0,0,0,0,0,0,0,0,0,0,0,0,0,0,0,0,0,0,0,0,0,0,0,0,0,0,0,0,0,0,0,0,0,0,0,0,0,0,0,0,0,0,0,0,0,0,106,0,106,0,108,100,107,107,100,0,0,0,0,0,3362,0,3362,0,3287,3209,3185,3185,3207,0,0,0,0,151,0,89,0,0,1,0,0,0,0,0,0,1,0
48.0000,SU,1,0,3427,3426,0,0,0,0,0,0,0,0,3426,0,0,0,0,668263,640752,0,3426,0,0,0,0,94,93,0,0,0,0,145,139,0,0,0,0,0,0,0,0,0,0,0,0,0,0,0,0,0,0,0,0,0,0,0,0,0,0,0,0,0,0,0,0,0,0,0,0,0,0,0,0,0,0,0,0,0,0,0,0,0,0,0,0,0,0,0,0,0,0,0,0,0,0,0,0,0,0,0,0,0,0,0,0,0,0,0,0,0,0,0,0,0,0,0,0,0,0,0,0,0,0,0,0,0,0,0,0,0,0,0,0,0,0,0,0,0,0,0,0,0,0,0,0,0,0,0,0,0,0,0,0,0,0,0,0,0,0,0,0,0,0,0,0,0,0,0,0,0,0,0,0,0,0,0,0,0,0,0,0,0,0,0,0,0,0,0,0,0,0,0,0,0,0,0,0,0,0,0,0,0,0,0,0,0,0,0,0,0,0,0,0,0,0,0,0,0,0,0,0,0,0,0,0,0,0,0,0,0,0,0,0,0,0,0,0,0,0,0,0,0,0,0,0,0,0,0,0,0,0,94,0,94,0,86,116,101,101,113,0,0,0,0,0,3550,0,3550,0,3459,3440,3386,3386,3433,0,0,0,0,110,0,20,0,0,0,0,0,0,0,0,0,0,0
50.0000,SU,1,0,3579,3579,0,0,0,0,0,0,0,0,3579,0,0,0,0,697992,669218,0,3579,0,0,0,0,76,77,0,0,0,0,118,113,0,0,0,0,0,0,0,0,0,0,0,0,0,0,0,0,0,0,0,0,0,0,0,0,0,0,0,0,0,0,0,0,0,0,0,0,0,0,0,0,0,0,0,0,0,0,0,0,0,0,0,0,0,0,0,0,0,0,0,0,0,0,0,0,0,0,0,0,0,0,0,0,0,0,0,0,0,0,0,0,0,0,0,0,0,0,0,0,0,0,0,0,0,0,0,0,0,0,0,0,0,0,0,0,0,0,0,0,0,0,0,0,0,0,0,0,0,0,0,0,0,0,0,0,0,0,0,0,0,0,0,0,0,0,0,0,0,0,0,0,0,0,0,0,0,0,0,0,0,0,0,0,0,0,0,0,0,0,0,0,0,0,0,0,0,0,0,0,0,0,0,0,0,0,0,0,0,0,0,0,0,0,0,0,0,0,0,0,0,0,0,0,0,0,0,0,0,0,0,0,0,0,0,0,0,0,0,0,0,0,0,0,0,0,0,0,0,0,79,0,79,0,76,81,67,67,64,0,0,1,0,0,3707,0,3708,0,3611,3602,3520,3520,3561,0,0,1,0,104,0,11,0,0,43,0,0,0,0,0,0,0,0
52.0000,SU,1,0,3807,3806,0,0,0,0,0,0,0,0,3806,0,0,0,0,742278,711792,0,3806,0,0,0,0,114,114,0,0,0,0,177,170,0,0,0,0,0,0,0,0,0,0,0,0,0,0,0,0,0,0,0,0,0,0,0,0,0,0,0,0,0,0,0,0,0,0,0,0,0,0,0,0,0,0,0,0,0,0,0,0,0,0,0,0,0,0,0,0,0,0,0,0,0,0,0,0,0,0,0,0,0,0,0,0,0,0,0,0,0,0,0,0,0,0,0,0,0,0,0,0,0,0,0,0,0,0,0,0,0,0,0,0,0,0,0,0,0,0,0,0,0,0,0,0,0,0,0,0,0,0,0,0,0,0,0,0,0,0,0,0,0,0,0,0,0,0,0,0,0,0,0,0,0,0,0,0,0,0,0,0,0,0,0,0,0,0,0,0,0,0,0,0,0,0,0,0,0,0,0,0,0,0,0,0,0,0,0,0,0,0,0,0,0,0,0,0,0,0,0,0,0,0,0,0,0,0,0,0,0,0,0,0,0,0,0,0,0,0,0,0,0,0,0,0,0,0,0,0,0,0,113,0,115,0,123,122,96,96,129,0,0,2,0,0,3932,0,3937,0,3856,3846,3712,3712,3818,0,0,5,0,85,0,0,0,0,31,0,0,0,0,0,0,0,0
54.0000,SU,1,0,4023,4023,0,0,0,0,0,0,0,0,4023,0,0,0,0,784412,752231,0,4023,0,0,0,0,108,109,0,0,0,0,168,161,0,0,0,0,0,0,0,0,0,0,0,0,0,0,0,0,0,0,0,0,0,0,0,0,0,0,0,0,0,0,0,0,0,0,0,0,0,0,0,0,0,0,0,0,0,0,0,0,0,0,0,0,0,0,0,0,0,0,0,0,0,0,0,0,0,0,0,0,0,0,0,0,0,0,0,0,0,0,0,0,0,0,0,0,0,0,0,0,0,0,0,0,0,0,0,0,0,0,0,0,0,0,0,0,0,0,0,0,0,0,0,0,0,0,0,0,0,0,0,0,0,0,0,0,0,0,0,0,0,0,0,0,0,0,0,0,0,0,0,0,0,0,0,0,0,0,0,0,0,0,0,0,0,0,0,0,0,0,0,0,0,0,0,0,0,0,0,0,0,0,0,0,0,0,0,0,0,0,0,0,0,0,0,0,0,0,0,0,0,0,0,0,0,0,0,0,0,0,0,0,0,0,0,0,0,0,0,0,0,0,0,0,0,0,0,0,0,0,141,0,141,0,144,102,141,141,112,0,0,0,0,0,4213,0,4218,0,4143,4049,3993,3993,4042,0,0,5,0,162,0,117,0,0,2,0,0,0,0,0,0,0,0
56.0000,SU,1,0,4273,4273,0,0,0,0,0,0,0,0,4273,0,0,0,0,833256,799071,0,4273,0,0,0,0,125,125,0,0,0,0,195,187,0,1,0,0,0,0,0,0,0,0,0,0,0,0,0,0,0,0,0,0,0,0,0,0,0,0,0,0,0,0,0,0,0,0,0,0,0,0,0,0,0,0,0,0,0,0,0,0,0,0,0,0,0,0,0,0,0,0,0,0,0,0,0,0,0,0,0,0,0,0,0,0,0,0,0,0,0,0,0,0,0,0,0,0,0,0,0,0,0,0,0,0,0,0,0,0,0,0,0,0,0,0,0,0,0,0,0,0,0,0,0,0,0,0,0,0,0,0,0,0,0,0,0,0,0,0,0,0,0,0,0,0,0,0,0,0,0,0,0,0,0,0,0,0,0,0,0,0,0,0,0,0,0,0,0,0,0,0,0,0,0,0,0,0,0,0,0,0,0,0,0,0,0,0,0,0,0,0,0,0,0,0,0,0,0,0,0,0,0,0,0,0,0,0,0,0,0,0,0,0,0,0,0,0,0,0,0,0,0,0,0,0,0,0,0,0,0,0,94,0,94,0,95,139,101,101,131,0,0,0,0,0,4401,0,4406,0,4332,4327,4194,4194,4303,0,0,5,0,74,0,5,0,0,3,0,0,0,0,0,0,0,0
58.0000,SU,1,0,4543,4543,0,0,0,0,0,0,0,0,4543,0,0,0,0,885854,849512,0,4543,0,0,0,0,135,135,0,0,0,0,210,201,0,1,0,0,0,0,0,0,0,0,0,0,0,0,0,0,0,0,0,0,0,0,0,0,0,0,0,0,0,0,0,0,0,0,0,0,0,0,0,0,0,0,0,0,0,0,0,0,0,0,0,0,0,0,0,0,0,0,0,0,0,0,0,0,0,0,0,0,0,0,0,0,0,0,0,0,0,0,0,0,0,0,0,0,0,0,0,0,0,0,0,0,0,0,0,0,0,0,0,0,0,0,0,0,0,0,0,0,0,0,0,0,0,0,0,0,0,0,0,0,0,0,0,0,0,0,0,0,0,0,0,0,0,0,0,0,0,0,0,0,0,0,0,0,0,0,0,0,0,0,0,0,0,0,0,0,0,0,0,0,0,0,0,0,0,0,0,0,0,0,0,0,0,0,0,0,0,0,0,0,0,0,0,0,0,0,0,0,0,0,0,0,0,0,0,0,0,0,0,0,0,0,0,0,0,0,0,0,0,0,0,0,0,0,0,0,0,0,111,0,111,0,121,122,111,111,87,0,0,0,0,0,4623,0,4628,0,4573,4571,4415,4415,4477,0,0,5,0,51,0,2,0,0,115,0,0,0,0,0,0,0,0
60.0000,SU,1,0,4611,4611,0,0,0,0,0,0,0,0,4611,0,0,0,0,899238,862346,0,4611,0,0,0,0,34,34,0,0,0,0,53,51,0,0,0,0,0,0,0,0,0,0,0,0,0,0,0,0,0,0,0,0,0,0,0,0,0,0,0,0,0,0,0,0,0,0,0,0,0,0,0,0,0,0,0,0,0,0,0,0,0,0,0,0,0,0,0,0,0,0,0,0,0,0,0,0,0,0,0,0,0,0,0,0,0,0,0,0,0,0,0,0,0,0,0,0,0,0,0,0,0,0,0,0,0,0,0,0,0,0,0,0,0,0,0,0,0,0,0,0,0,0,0,0,0,0,0,0,0,0,0,0,0,0,0,0,0,0,0,0,0,0,0,0,0,0,0,0,0,0,0,0,0,0,0,0,0,0,0,0,0,0,0,0,0,0,0,0,0,0,0,0,0,0,0,0,0,0,0,0,0,0,0,0,0,0,0,0,0,0,0,0,0,0,0,0,0,0,0,0,0,0,0,0,0,0,0,0,0,0,0,0,0,0,0,0,0,0,0,0,0,0,0,0,0,0,0,0,0,0,70,0,70,0,35,35,79,79,82,0,0,0,0,0,4762,0,4767,0,4642,4641,4572,4572,4640,0,0,5,0,121,0,2,0,0,1,0,0,0,0,0,0,0,0
62.0000,SU,1,0,4775,4775,0,0,0,0,0,0,0,0,4775,0,0,0,0,931147,892946,0,4775,0,0,0,0,82,82,0,0,0,0,127,122,0,0,0,0,0,0,0,0,0,0,0,0,0,0,0,0,0,0,0,0,0,0,0,0,0,0,0,0,0,0,0,0,0,0,0,0,0,0,0,0,0,0,0,0,0,0,0,0,0,0,0,0,0,0,0,0,0,0,0,0,0,0,0,0,0,0,0,0,0,0,0,0,0,0,0,0,0,0,0,0,0,0,0,0,0,0,0,0,0,0,0,0,0,0,0,0,0,0,0,0,0,0,0,0,0,0,0,0,0,0,0,0,0,0,0,0,0,0,0,0,0,0,0,0,0,0,0,0,0,0,0,0,0,0,0,0,0,0,0,0,0,0,0,0,0,0,0,0,0,0,0,0,0,0,0,0,0,0,0,0,0,0,0,0,0,0,0,0,0,0,0,0,0,0,0,0,0,0,0,0,0,0,0,0,0,0,0,0,0,0,0,0,0,0,0,0,0,0,0,0,0,0,0,0,0,0,0,0,0,0,0,0,0,0,0,0,0,0,97,0,97,0,100,98,66,66,98,0,0,0,0,0,4956,0,4961,0,4842,4837,4704,4704,4836,0,0,5,0,118,0,0,0,0,1,0,0,0,0,0,0,0,0
64.0000,SU,1,0,4959,4959,0,0,0,0,0,0,0,0,4959,0,0,0,0,966965,927273,0,4959,0,0,0,0,92,92,0,0,0,0,143,137,0,0,0,0,0,0,0,0,0,0,0,0,0,0,0,0,0,0,0,0,0,0,0,0,0,0,0,0,0,0,0,0,0,0,0,0,0,0,0,0,0,0,0,0,0,0,0,0,0,0,0,0,0,0,0,0,0,0,0,0,0,0,0,0,0,0,0,0,0,0,0,0,0,0,0,0,0,0,0,0,0,0,0,0,0,0,0,0,0,0,0,0,0,0,0,0,0,0,0,0,0,0,0,0,0,0,0,0,0,0,0,0,0,0,0,0,0,0,0,0,0,0,0,0,0,0,0,0,0,0,0,0,0,0,0,0,0,0,0,0,0,0,0,0,0,0,0,0,0,0,0,0,0,0,0,0,0,0,0,0,0,0,0,0,0,0,0,0,0,0,0,0,0,0,0,0,0,0,0,0,0,0,0,0,0,0,0,0,0,0,0,0,0,0,0,0,0,0,0,0,0,0,0,0,0,0,0,0,0,0,0,0,0,0,0,0,0,0,92,0,92,0,75,65,106,106,65,0,0,0,0,0,5139,0,5144,0,4992,4967,4916,4916,4966,0,0,5,0,170,0,29,0,0,0,0,0,0,0,0,0,0,0
66.0000,SU,1,0,5205,5204,0,0,0,0,0,0,0,0,5204,0,0,0,0,1014936,973127,0,5204,0,0,0,0,123,123,0,0,0,0,191,183,0,0,0,0,0,0,0,0,0,0,0,0,0,0,0,0,0,0,0,0,0,0,0,0,0,0,0,0,0,0,0,0,0,0,0,0,0,0,0,0,0,0,0,0,0,0,0,0,0,0,0,0,0,0,0,0,0,0,0,0,0,0,0,0,0,0,0,0,0,0,0,0,0,0,0,0,0,0,0,0,0,0,0,0,0,0,0,0,0,0,0,0,0,0,0,0,0,0,0,0,0,0,0,0,0,0,0,0,0,0,0,0,0,0,0,0,0,0,0,0,0,0,0,0,0,0,0,0,0,0,0,0,0,0,0,0,0,0,0,0,0,0,0,0,0,0,0,0,0,0,0,0,0,0,0,0,0,0,0,0,0,0,0,0,0,0,0,0,0,0,0,0,0,0,0,0,0,0,0,0,0,0,0,0,0,0,0,0,0,0,0,0,0,0,0,0,0,0,0,0,0,0,0,0,0,0,0,0,0,0,0,0,0,0,0,0,0,0,90,0,89,0,130,138,119,119,136,0,0,0,0,0,5319,0,5322,0,5251,5243,5153,5153,5237,0,0,5,0,73,0,0,0,0,7,0,0,0,0,0,0,0,0
68.0000,SU,1,0,5469,5468,0,0,0,0,0,0,0,0,5468,0,0,0,0,1066530,1022588,0,5468,0,0,0,0,132,132,0,0,0,0,206,197,0,1,0,0,0,0,0,0,0,0,0,0,0,0,0,0,0,0,0,0,0,0,0,0,0,0,0,0,0,0,0,0,0,0,0,0,0,0,0,0,0,0,0,0,0,0,0,0,0,0,0,0,0,0,0,0,0,0,0,0,0,0,0,0,0,0,0,0,0,0,0,0,0,0,0,0,0,0,0,0,0,0,0,0,0,0,0,0,0,0,0,0,0,0,0,0,0,0,0,0,0,0,0,0,0,0,0,0,0,0,0,0,0,0,0,0,0,0,0,0,0,0,0,0,0,0,0,0,0,0,0,0,0,0,0,0,0,0,0,0,0,0,0,0,0,0,0,0,0,0,0,0,0,0,0,0,0,0,0,0,0,0,0,0,0,0,0,0,0,0,0,0,0,0,0,0,0,0,0,0,0,0,0,0,0,0,0,0,0,0,0,0,0,0,0,0,0,0,0,0,0,0,0,0,0,0,0,0,0,0,0,0,0,0,0,0,0,0,151,0,147,0,93,66,99,99,67,0,0,0,0,0,5621,0,5615,0,5437,5375,5351,5351,5371,0,0,5,0,232,0,58,0,0,4,0,0,0,0,0,0,0,0
70.0000,SU,1,0,5679,5678,0,0,0,0,0,0,0,0,5678,0,0,0,0,1107312,1061697,0,5678,0,0,0,0,105,105,0,0,0,0,163,156,0,0,0,0,0,0,0,0,0,0,0,0,0,0,0,0,0,0,0,0,0,0,0,0,0,0,0,0,0,0,0,0,0,0,0,0,0,0,0,0,0,0,0,0,0,0,0,0,0,0,0,0,0,0,0,0,0,0,0,0,0,0,0,0,0,0,0,0,0,0,0,0,0,0,0,0,0,0,0,0,0,0,0,0,0,0,0,0,0,0,0,0,0,0,0,0,0,0,0,0,0,0,0,0,0,0,0,0,0,0,0,0,0,0,0,0,0,0,0,0,0,0,0,0,0,0,0,0,0,0,0,0,0,0,0,0,0,0,0,0,0,0,0,0,0,0,0,0,0,0,0,0,0,0,0,0,0,0,0,0,0,0,0,0,0,0,0,0,0,0,0,0,0,0,0,0,0,0,0,0,0,0,0,0,0,0,0,0,0,0,0,0,0,0,0,0,0,0,0,0,0,0,0,0,0,0,0,0,0,0,0,0,0,0,0,0,0,0,83,0,88,0,125,119,99,99,115,0,0,0,0,0,5786,0,5791,0,5687,5612,5549,5549,5601,0,0,5,0,172,0,88,0,0,8,0,0,0,0,0,0,0,0
72.0000,SU,1,0,5846,5846,0,0,0,0,0,0,0,0,5846,0,0,0,0,1139950,1093133,0,5846,0,0,0,0,84,84,0,0,0,0,130,125,0,0,0,0,0,0,0,0,0,0,0,0,0,0,0,0,0,0,0,0,0,0,0,0,0,0,0,0,0,0,0,0,0,0,0,0,0,0,0,0,0,0,0,0,0,0,0,0,0,0,0,0,0,0,0,0,0,0,0,0,0,0,0,0,0,0,0,0,0,0,0,0,0,0,0,0,0,0,0,0,0,0,0,0,0,0,0,0,0,0,0,0,0,0,0,0,0,0,0,0,0,0,0,0,0,0,0,0,0,0,0,0,0,0,0,0,0,0,0,0,0,0,0,0,0,0,0,0,0,0,0,0,0,0,0,0,0,0,0,0,0,0,0,0,0,0,0,0,0,0,0,0,0,0,0,0,0,0,0,0,0,0,0,0,0,0,0,0,0,0,0,0,0,0,0,0,0,0,0,0,0,0,0,0,0,0,0,0,0,0,0,0,0,0,0,0,0,0,0,0,0,0,0,0,0,0,0,0,0,0,0,0,0,0,0,0,0,0,106,0,106,0,72,100,107,107,91,0,0,0,0,0,5998,0,6003,0,5830,5811,5763,5763,5783,0,0,5,0,186,0,0,0,0,32,0,0,0,0,0,0,0,0
74.0000,SU,1,0,6080,6080,0,0,0,0,0,0,0,0,6080,0,0,0,0,1185696,1137052,0,6080,0,0,0,0,117,117,0,0,0,0,182,175,0,0,0,0,0,0,0,0,0,0,0,0,0,0,0,0,0,0,0,0,0,0,0,0,0,0,0,0,0,0,0,0,0,0,0,0,0,0,0,0,0,0,0,0,0,0,0,0,0,0,0,0,0,0,0,0,0,0,0,0,0,0,0,0,0,0,0,0,0,0,0,0,0,0,0,0,0,0,0,0,0,0,0,0,0,0,0,0,0,0,0,0,0,0,0,0,0,0,0,0,0,0,0,0,0,0,0,0,0,0,0,0,0,0,0,0,0,0,0,0,0,0,0,0,0,0,0,0,0,0,0,0,0,0,0,0,0,0,0,0,0,0,0,0,0,0,0,0,0,0,0,0,0,0,0,0,0,0,0,0,0,0,0,0,0,0,0,0,0,0,0,0,0,0,0,0,0,0,0,0,0,0,0,0,0,0,0,0,0,0,0,0,0,0,0,0,0,0,0,0,0,0,0,0,0,0,0,0,0,0,0,0,0,0,0,0,0,0,97,0,97,0,150,98,118,118,109,0,0,0,0,0,6192,0,6197,0,6130,6007,5999,5998,6001,0,0,5,0,182,0,124,0,0,6,0,0,0,0,0,0,0,0
76.0000,SU,1,0,6181,6181,0,0,0,0,0,0,0,0,6181,0,0,0,0,1205272,1155824,0,6181,0,0,0,0,51,51,0,0,0,0,78,75,0,0,0,0,0,0,0,0,0,0,0,0,0,0,0,0,0,0,0,0,0,0,0,0,0,0,0,0,0,0,0,0,0,0,0,0,0,0,0,0,0,0,0,0,0,0,0,0,0,0,0,0,0,0,0,0,0,0,0,0,0,0,0,0,0,0,0,0,0,0,0,0,0,0,0,0,0,0,0,0,0,0,0,0,0,0,0,0,0,0,0,0,0,0,0,0,0,0,0,0,0,0,0,0,0,0,0,0,0,0,0,0,0,0,0,0,0,0,0,0,0,0,0,0,0,0,0,0,0,0,0,0,0,0,0,0,0,0,0,0,0,0,0,0,0,0,0,0,0,0,0,0,0,0,0,0,0,0,0,0,0,0,0,0,0,0,0,0,0,0,0,0,0,0,0,0,0,0,0,0,0,0,0,0,0,0,0,0,0,0,0,0,0,0,0,0,0,0,0,0,0,0,0,0,0,0,0,0,0,0,0,0,0,0,0,0,0,0,1,0,1,0,32,94,98,98,97,0,0,0,0,0,6194,0,6199,0,6194,6194,6194,6194,6194,0,0,5,0,0,0,0,0,0,0,0,0,0,0,0,0,0,0
78.0000,SU,1,0,6194,6194,0,0,0,0,0,0,0,0,6194,0,0,0,0,1207830,1158278,0,6194,0,0,0,0,7,7,0,0,0,0,10,9,0,0,0,0,0,0,0,0,0,0,0,0,0,0,0,0,0,0,0,0,0,0,0,0,0,0,0,0,0,0,0,0,0,0,0,0,0,0,0,0,0,0,0,0,0,0,0,0,0,0,0,0,0,0,0,0,0,0,0,0,0,0,0,0,0,0,0,0,0,0,0,0,0,0,0,0,0,0,0,0,0,0,0,0,0,0,0,0,0,0,0,0,0,0,0,0,0,0,0,0,0,0,0,0,0,0,0,0,0,0,0,0,0,0,0,0,0,0,0,0,0,0,0,0,0,0,0,0,0,0,0,0,0,0,0,0,0,0,0,0,0,0,0,0,0,0,0,0,0,0,0,0,0,0,0,0,0,0,0,0,0,0,0,0,0,0,0,0,0,0,0,0,0,0,0,0,0,0,0,0,0,0,0,0,0,0,0,0,0,0,0,0,0,0,0,0,0,0,0,0,0,0,0,0,0,0,0,0,0,0,0,0,0,0,0,0,0,0,0,0,0,0,0,0,0,0,0,0,0,0,0,0,6194,0,6199,0,6194,6194,6194,6194,6194,0,0,5,0,0,0,0,0,0,0,0,0,0,0,0,0,0,0
80.0000,SU,1,0,6194,6194,0,0,0,0,0,0,0,0,6194,0,0,0,0,1207830,1158278,0,6194,0,0,0,0,0,0,0,0,0,0,0,0,0,0,0,0,0,0,0,0,0,0,0,0,0,0,0,0,0,0,0,0,0,0,0,0,0,0,0,0,0,0,0,0,0,0,0,0,0,0,0,0,0,0,0,0,0,0,0,0,0,0,0,0,0,0,0,0,0,0,0,0,0,0,0,0,0,0,0,0,0,0,0,0,0,0,0,0,0,0,0,0,0,0,0,0,0,0,0,0,0,0,0,0,0,0,0,0,0,0,0,0,0,0,0,0,0,0,0,0,0,0,0,0,0,0,0,0,0,0,0,0,0,0,0,0,0,0,0,0,0,0,0,0,0,0,0,0,0,0,0,0,0,0,0,0,0,0,0,0,0,0,0,0,0,0,0,0,0,0,0,0,0,0,0,0,0,0,0,0,0,0,0,0,0,0,0,0,0,0,0,0,0,0,0,0,0,0,0,0,0,0,0,0,0,0,0,0,0,0,0,0,0,0,0,0,0,0,0,0,0,0,0,0,0,0,0,0,0,0,0,0,0,0,0,0,0,0,0,0,0,0,0,0,6194,0,6199,0,6194,6194,6194,6194,6194,0,0,5,0,0,0,0,0,0,0,0,0,0,0,0,0,0,0
82.0000,SU,1,0,6194,6194,0,0,0,0,0,0,0,0,6194,0,0,0,0,1207830,1158278,0,6194,0,0,0,0,0,0,0,0,0,0,0,0,0,0,0,0,0,0,0,0,0,0,0,0,0,0,0,0,0,0,0,0,0,0,0,0,0,0,0,0,0,0,0,0,0,0,0,0,0,0,0,0,0,0,0,0,0,0,0,0,0,0,0,0,0,0,0,0,0,0,0,0,0,0,0,0,0,0,0,0,0,0,0,0,0,0,0,0,0,0,0,0,0,0,0,0,0,0,0,0,0,0,0,0,0,0,0,0,0,0,0,0,0,0,0,0,0,0,0,0,0,0,0,0,0,0,0,0,0,0,0,0,0,0,0,0,0,0,0,0,0,0,0,0,0,0,0,0,0,0,0,0,0,0,0,0,0,0,0,0,0,0,0,0,0,0,0,0,0,0,0,0,0,0,0,0,0,0,0,0,0,0,0,0,0,0,0,0,0,0,0,0,0,0,0,0,0,0,0,0,0,0,0,0,0,0,0,0,0,0,0,0,0,0,0,0,0,0,0,0,0,0,0,0,0,0,0,0,0,0,0,0,0,0,0,0,0,0,0,0,0,0,0,0,6194,0,6199,0,6194,6194,6194,6194,6194,0,0,5,0,0,0,0,0,0,0,0,0,0,0,0,0,0,0
84.0000,SU,1,0,6194,6194,0,0,0,0,0,0,0,0,6194,0,0,0,0,1207830,1158278,0,6194,0,0,0,0,0,0,0,0,0,0,0,0,0,0,0,0,0,0,0,0,0,0,0,0,0,0,0,0,0,0,0,0,0,0,0,0,0,0,0,0,0,0,0,0,0,0,0,0,0,0,0,0,0,0,0,0,0,0,0,0,0,0,0,0,0,0,0,0,0,0,0,0,0,0,0,0,0,0,0,0,0,0,0,0,0,0,0,0,0,0,0,0,0,0,0,0,0,0,0,0,0,0,0,0,0,0,0,0,0,0,0,0,0,0,0,0,0,0,0,0,0,0,0,0,0,0,0,0,0,0,0,0,0,0,0,0,0,0,0,0,0,0,0,0,0,0,0,0,0,0,0,0,0,0,0,0,0,0,0,0,0,0,0,0,0,0,0,0,0,0,0,0,0,0,0,0,0,0,0,0,0,0,0,0,0,0,0,0,0,0,0,0,0,0,0,0,0,0,0,0,0,0,0,0,0,0,0,0,0,0,0,0,0,0,0,0,0,0,0,0,0,0,0,0,0,0,0,0,0,0,0,0,0,0,0,0,0,0,0,0,0,0,0,0,6194,0,6199,0,6194,6194,6194,6194,6194,0,0,5,0,0,0,0,0,0,0,0,0,0,0,0,0,0,0
86.0000,SU,1,0,6194,6194,0,0,0,0,0,0,0,0,6194,0,0,0,0,1207830,1158278,0,6194,0,0,0,0,0,0,0,0,0,0,0,0,0,0,0,0,0,0,0,0,0,0,0,0,0,0,0,0,0,0,0,0,0,0,0,0,0,0,0,0,0,0,0,0,0,0,0,0,0,0,0,0,0,0,0,0,0,0,0,0,0,0,0,0,0,0,0,0,0,0,0,0,0,0,0,0,0,0,0,0,0,0,0,0,0,0,0,0,0,0,0,0,0,0,0,0,0,0,0,0,0,0,0,0,0,0,0,0,0,0,0,0,0,0,0,0,0,0,0,0,0,0,0,0,0,0,0,0,0,0,0,0,0,0,0,0,0,0,0,0,0,0,0,0,0,0,0,0,0,0,0,0,0,0,0,0,0,0,0,0,0,0,0,0,0,0,0,0,0,0,0,0,0,0,0,0,0,0,0,0,0,0,0,0,0,0,0,0,0,0,0,0,0,0,0,0,0,0,0,0,0,0,0,0,0,0,0,0,0,0,0,0,0,0,0,0,0,0,0,0,0,0,0,0,0,0,0,0,0,0,0,0,0,0,0,0,0,0,0,0,0,0,0,0,6194,0,6199,0,6194,6194,6194,6194,6194,0,0,5,0,0,0,0,0,0,0,0,0,0,0,0,0,0,0
88.0000,SU,1,0,6194,6194,0,0,0,0,0,0,0,0,6194,0,0,0,0,1207830,1158278,0,6194,0,0,0,0,0,0,0,0,0,0,0,0,0,0,0,0,0,0,0,0,0,0,0,0,0,0,0,0,0,0,0,0,0,0,0,0,0,0,0,0,0,0,0,0,0,0,0,0,0,0,0,0,0,0,0,0,0,0,0,0,0,0,0,0,0,0,0,0,0,0,0,0,0,0,0,0,0,0,0,0,0,0,0,0,0,0,0,0,0,0,0,0,0,0,0,0,0,0,0,0,0,0,0,0,0,0,0,0,0,0,0,0,0,0,0,0,0,0,0,0,0,0,0,0,0,0,0,0,0,0,0,0,0,0,0,0,0,0,0,0,0,0,0,0,0,0,0,0,0,0,0,0,0,0,0,0,0,0,0,0,0,0,0,0,0,0,0,0,0,0,0,0,0,0,0,0,0,0,0,0,0,0,0,0,0,0,0,0,0,0,0,0,0,0,0,0,0,0,0,0,0,0,0,0,0,0,0,0,0,0,0,0,0,0,0,0,0,0,0,0,0,0,0,0,0,0,0,0,0,0,0,0,0,0,0,0,0,0,0,0,0,0,0,0,6194,0,6199,0,6194,6194,6194,6194,6194,0,0,5,0,0,0,0,0,0,0,0,0,0,0,0,0,0,0
90.0000,SU,1,0,6194,6194,0,0,0,0,0,0,0,0,6194,0,0,0,0,1207830,1158278,0,6194,0,0,0,0,0,0,0,0,0,0,0,0,0,0,0,0,0,0,0,0,0,0,0,0,0,0,0,0,0,0,0,0,0,0,0,0,0,0,0,0,0,0,0,0,0,0,0,0,0,0,0,0,0,0,0,0,0,0,0,0,0,0,0,0,0,0,0,0,0,0,0,0,0,0,0,0,0,0,0,0,0,0,0,0,0,0,0,0,0,0,0,0,0,0,0,0,0,0,0,0,0,0,0,0,0,0,0,0,0,0,0,0,0,0,0,0,0,0,0,0,0,0,0,0,0,0,0,0,0,0,0,0,0,0,0,0,0,0,0,0,0,0,0,0,0,0,0,0,0,0,0,0,0,0,0,0,0,0,0,0,0,0,0,0,0,0,0,0,0,0,0,0,0,0,0,0,0,0,0,0,0,0,0,0,0,0,0,0,0,0,0,0,0,0,0,0,0,0,0,0,0,0,0,0,0,0,0,0,0,0,0,0,0,0,0,0,0,0,0,0,0,0,0,0,0,0,0,0,0,0,0,0,0,0,0,0,0,0,0,0,0,0,0,0,6194,0,6199,0,6194,6194,6194,6194,6194,0,0,5,0,0,0,0,0,0,0,0,0,0,0,0,0,0,0
92.0000,SU,1,0,6194,6194,0,0,0,0,0,0,0,0,6194,0,0,0,0,1207830,1158278,0,6194,0,0,0,0,0,0,0,0,0,0,0,0,0,0,0,0,0,0,0,0,0,0,0,0,0,0,0,0,0,0,0,0,0,0,0,0,0,0,0,0,0,0,0,0,0,0,0,0,0,0,0,0,0,0,0,0,0,0,0,0,0,0,0,0,0,0,0,0,0,0,0,0,0,0,0,0,0,0,0,0,0,0,0,0,0,0,0,0,0,0,0,0,0,0,0,0,0,0,0,0,0,0,0,0,0,0,0,0,0,0,0,0,0,0,0,0,0,0,0,0,0,0,0,0,0,0,0,0,0,0,0,0,0,0,0,0,0,0,0,0,0,0,0,0,0,0,0,0,0,0,0,0,0,0,0,0,0,0,0,0,0,0,0,0,0,0,0,0,0,0,0,0,0,0,0,0,0,0,0,0,0,0,0,0,0,0,0,0,0,0,0,0,0,0,0,0,0,0,0,0,0,0,0,0,0,0,0,0,0,0,0,0,0,0,0,0,0,0,0,0,0,0,0,0,0,0,0,0,0,0,0,0,0,0,0,0,0,0,0,0,0,0,0,0,6194,0,6199,0,6194,6194,6194,6194,6194,0,0,5,0,0,0,0,0,0,0,0,0,0,0,0,0,0,0
94.0000,SU,1,0,6194,6194,0,0,0,0,0,0,0,0,6194,0,0,0,0,1207830,1158278,0,6194,0,0,0,0,0,0,0,0,0,0,0,0,0,0,0,0,0,0,0,0,0,0,0,0,0,0,0,0,0,0,0,0,0,0,0,0,0,0,0,0,0,0,0,0,0,0,0,0,0,0,0,0,0,0,0,0,0,0,0,0,0,0,0,0,0,0,0,0,0,0,0,0,0,0,0,0,0,0,0,0,0,0,0,0,0,0,0,0,0,0,0,0,0,0,0,0,0,0,0,0,0,0,0,0,0,0,0,0,0,0,0,0,0,0,0,0,0,0,0,0,0,0,0,0,0,0,0,0,0,0,0,0,0,0,0,0,0,0,0,0,0,0,0,0,0,0,0,0,0,0,0,0,0,0,0,0,0,0,0,0,0,0,0,0,0,0,0,0,0,0,0,0,0,0,0,0,0,0,0,0,0,0,0,0,0,0,0,0,0,0,0,0,0,0,0,0,0,0,0,0,0,0,0,0,0,0,0,0,0,0,0,0,0,0,0,0,0,0,0,0,0,0,0,0,0,0,0,0,0,0,0,0,0,0,0,0,0,0,0,0,0,0,0,0,6194,0,6199,0,6194,6194,6194,6194,6194,0,0,5,0,0,0,0,0,0,0,0,0,0,0,0,0,0,0
96.0000,SU,1,0,6194,6194,0,0,0,0,0,0,0,0,6194,0,0,0,0,1207830,1158278,0,6194,0,0,0,0,0,0,0,0,0,0,0,0,0,0,0,0,0,0,0,0,0,0,0,0,0,0,0,0,0,0,0,0,0,0,0,0,0,0,0,0,0,0,0,0,0,0,0,0,0,0,0,0,0,0,0,0,0,0,0,0,0,0,0,0,0,0,0,0,0,0,0,0,0,0,0,0,0,0,0,0,0,0,0,0,0,0,0,0,0,0,0,0,0,0,0,0,0,0,0,0,0,0,0,0,0,0,0,0,0,0,0,0,0,0,0,0,0,0,0,0,0,0,0,0,0,0,0,0,0,0,0,0,0,0,0,0,0,0,0,0,0,0,0,0,0,0,0,0,0,0,0,0,0,0,0,0,0,0,0,0,0,0,0,0,0,0,0,0,0,0,0,0,0,0,0,0,0,0,0,0,0,0,0,0,0,0,0,0,0,0,0,0,0,0,0,0,0,0,0,0,0,0,0,0,0,0,0,0,0,0,0,0,0,0,0,0,0,0,0,0,0,0,0,0,0,0,0,0,0,0,0,0,0,0,0,0,0,0,0,0,0,0,0,0,6194,0,6199,0,6194,6194,6194,6194,6194,0,0,5,0,0,0,0,0,0,0,0,0,0,0,0,0,0,0
98.0000,SU,1,0,6194,6194,0,0,0,0,0,0,0,0,6194,0,0,0,0,1207830,1158278,0,6194,0,0,0,0,0,0,0,0,0,0,0,0,0,0,0,0,0,0,0,0,0,0,0,0,0,0,0,0,0,0,0,0,0,0,0,0,0,0,0,0,0,0,0,0,0,0,0,0,0,0,0,0,0,0,0,0,0,0,0,0,0,0,0,0,0,0,0,0,0,0,0,0,0,0,0,0,0,0,0,0,0,0,0,0,0,0,0,0,0,0,0,0,0,0,0,0,0,0,0,0,0,0,0,0,0,0,0,0,0,0,0,0,0,0,0,0,0,0,0,0,0,0,0,0,0,0,0,0,0,0,0,0,0,0,0,0,0,0,0,0,0,0,0,0,0,0,0,0,0,0,0,0,0,0,0,0,0,0,0,0,0,0,0,0,0,0,0,0,0,0,0,0,0,0,0,0,0,0,0,0,0,0,0,0,0,0,0,0,0,0,0,0,0,0,0,0,0,0,0,0,0,0,0,0,0,0,0,0,0,0,0,0,0,0,0,0,0,0,0,0,0,0,0,0,0,0,0,0,0,0,0,0,0,0,0,0,0,0,0,0,0,0,0,0,6194,0,6199,0,6194,6194,6194,6194,6194,0,0,5,0,0,0,0,0,0,0,0,0,0,0,0,0,0,0
100.0000,SU,1,0,6194,6194,0,0,0,0,0,0,0,0,6194,0,0,0,0,1207830,1158278,0,6194,0,0,0,0,0,0,0,0,0,0,0,0,0,0,0,0,0,0,0,0,0,0,0,0,0,0,0,0,0,0,0,0,0,0,0,0,0,0,0,0,0,0,0,0,0,0,0,0,0,0,0,0,0,0,0,0,0,0,0,0,0,0,0,0,0,0,0,0,0,0,0,0,0,0,0,0,0,0,0,0,0,0,0,0,0,0,0,0,0,0,0,0,0,0,0,0,0,0,0,0,0,0,0,0,0,0,0,0,0,0,0,0,0,0,0,0,0,0,0,0,0,0,0,0,0,0,0,0,0,0,0,0,0,0,0,0,0,0,0,0,0,0,0,0,0,0,0,0,0,0,0,0,0,0,0,0,0,0,0,0,0,0,0,0,0,0,0,0,0,0,0,0,0,0,0,0,0,0,0,0,0,0,0,0,0,0,0,0,0,0,0,0,0,0,0,0,0,0,0,0,0,0,0,0,0,0,0,0,0,0,0,0,0,0,0,0,0,0,0,0,0,0,0,0,0,0,0,0,0,0,0,0,0,0,0,0,0,0,0,0,0,0,0,0,6194,0,6199,0,6194,6194,6194,6194,6194,0,0,5,0,0,0,0,0,0,0,0,0,0,0,0,0,0,0
102.0000,SU,1,0,6194,6194,0,0,0,0,0,0,0,0,6194,0,0,0,0,1207830,1158278,0,6194,0,0,0,0,0,0,0,0,0,0,0,0,0,0,0,0,0,0,0,0,0,0,0,0,0,0,0,0,0,0,0,0,0,0,0,0,0,0,0,0,0,0,0,0,0,0,0,0,0,0,0,0,0,0,0,0,0,0,0,0,0,0,0,0,0,0,0,0,0,0,0,0,0,0,0,0,0,0,0,0,0,0,0,0,0,0,0,0,0,0,0,0,0,0,0,0,0,0,0,0,0,0,0,0,0,0,0,0,0,0,0,0,0,0,0,0,0,0,0,0,0,0,0,0,0,0,0,0,0,0,0,0,0,0,0,0,0,0,0,0,0,0,0,0,0,0,0,0,0,0,0,0,0,0,0,0,0,0,0,0,0,0,0,0,0,0,0,0,0,0,0,0,0,0,0,0,0,0,0,0,0,0,0,0,0,0,0,0,0,0,0,0,0,0,0,0,0,0,0,0,0,0,0,0,0,0,0,0,0,0,0,0,0,0,0,0,0,0,0,0,0,0,0,0,0,0,0,0,0,0,0,0,0,0,0,0,0,0,0,0,0,0,0,0,6194,0,6199,0,6194,6194,6194,6194,6194,0,0,5,0,0,0,0,0,0,0,0,0,0,0,0,0,0,0
104.0000,ID,0,0,6194,6194,0,0,0,0,0,0,0,0,6194,0,0,0,0,1207830,1158278,0,6194,0,0,0,0,0,0,0,0,0,0,0,0,0,0,0,0,0,0,0,0,0,0,0,0,0,0,0,0,0,0,0,0,0,0,0,0,0,0,0,0,0,0,0,0,0,0,0,0,0,0,0,0,0,0,0,0,0,0,0,0,0,0,0,0,0,0,0,0,0,0,0,0,0,0,0,0,0,0,0,0,0,0,0,0,0,0,0,0,0,0,0,0,0,0,0,0,0,0,0,0,0,0,0,0,0,0,0,0,0,0,0,0,0,0,0,0,0,0,0,0,0,0,0,0,0,0,0,0,0,0,0,0,0,0,0,0,0,0,0,0,0,0,0,0,0,0,0,0,0,0,0,0,0,0,0,0,0,0,0,0,0,0,0,0,0,0,0,0,0,0,0,0,0,0,0,0,0,0,0,0,0,0,0,0,0,0,0,0,0,0,0,0,0,0,0,0,0,0,0,0,0,0,0,0,0,0,0,0,0,0,0,0,0,0,0,0,0,0,0,0,0,0,0,0,0,0,0,0,0,0,0,0,0,0,0,0,0,0,0,0,0,0,0,0,6194,0,6199,0,6194,6194,6194,6194,6194,0,0,5,0,0,0,0,0,0,0,0,0,0,0,0,0,0,0
